P000001 ,2,3,5,7,11,13,17,19,23,29,31,37,41,43,47,53,59,61,67,71,73,79,83,89,97,101,103,107,109,113,127,131,137,139,149,151,157,163,167,173,179,181,191,193,197,199,211,223,227,229,233,239,241,251,257,263,269,271,277,281,283,293,307,311,313,317,331,337,347,349,353,359,367,373,379,383,389,397,401,409,
P000002 ,3,5,7,11,13,17,19,23,29,31,37,41,43,47,53,59,61,67,71,73,79,83,89,97,101,103,107,109,113,127,131,137,139,149,151,157,163,167,173,179,181,191,193,197,199,211,223,227,229,233,239,241,251,257,263,269,271,277,281,283,293,307,311,313,317,331,337,347,349,353,359,367,373,379,383,389,397,401,409,
P000003 ,5,7,11,13,17,19,23,29,31,37,41,43,47,53,59,61,67,71,73,79,83,89,97,101,103,107,109,113,127,131,137,139,149,151,157,163,167,173,179,181,191,193,197,199,211,223,227,229,233,239,241,251,257,263,269,271,277,281,283,293,307,311,313,317,331,337,347,349,353,359,367,373,379,383,389,397,401,409,
P000004 ,7,11,13,17,19,23,29,31,37,41,43,47,53,59,61,67,71,73,79,83,89,97,101,103,107,109,113,127,131,137,139,149,151,157,163,167,173,179,181,191,193,197,199,211,223,227,229,233,239,241,251,257,263,269,271,277,281,283,293,307,311,313,317,331,337,347,349,353,359,367,373,379,383,389,397,401,409,
P000005 ,11,13,17,19,23,29,31,37,41,43,47,53,59,61,67,71,73,79,83,89,97,101,103,107,109,113,127,131,137,139,149,151,157,163,167,173,179,181,191,193,197,199,211,223,227,229,233,239,241,251,257,263,269,271,277,281,283,293,307,311,313,317,331,337,347,349,353,359,367,373,379,383,389,397,401,409,
P000006 ,13,17,19,23,29,31,37,41,43,47,53,59,61,67,71,73,79,83,89,97,101,103,107,109,113,127,131,137,139,149,151,157,163,167,173,179,181,191,193,197,199,211,223,227,229,233,239,241,251,257,263,269,271,277,281,283,293,307,311,313,317,331,337,347,349,353,359,367,373,379,383,389,397,401,409,
P000007 ,17,19,23,29,31,37,41,43,47,53,59,61,67,71,73,79,83,89,97,101,103,107,109,113,127,131,137,139,149,151,157,163,167,173,179,181,191,193,197,199,211,223,227,229,233,239,241,251,257,263,269,271,277,281,283,293,307,311,313,317,331,337,347,349,353,359,367,373,379,383,389,397,401,409,
P000008 ,19,23,29,31,37,41,43,47,53,59,61,67,71,73,79,83,89,97,101,103,107,109,113,127,131,137,139,149,151,157,163,167,173,179,181,191,193,197,199,211,223,227,229,233,239,241,251,257,263,269,271,277,281,283,293,307,311,313,317,331,337,347,349,353,359,367,373,379,383,389,397,401,409,
P000009 ,23,29,31,37,41,43,47,53,59,61,67,71,73,79,83,89,97,101,103,107,109,113,127,131,137,139,149,151,157,163,167,173,179,181,191,193,197,199,211,223,227,229,233,239,241,251,257,263,269,271,277,281,283,293,307,311,313,317,331,337,347,349,353,359,367,373,379,383,389,397,401,409,
P000010 ,29,31,37,41,43,47,53,59,61,67,71,73,79,83,89,97,101,103,107,109,113,127,131,137,139,149,151,157,163,167,173,179,181,191,193,197,199,211,223,227,229,233,239,241,251,257,263,269,271,277,281,283,293,307,311,313,317,331,337,347,349,353,359,367,373,379,383,389,397,401,409,
P000011 ,31,37,41,43,47,53,59,61,67,71,73,79,83,89,97,101,103,107,109,113,127,131,137,139,149,151,157,163,167,173,179,181,191,193,197,199,211,223,227,229,233,239,241,251,257,263,269,271,277,281,283,293,307,311,313,317,331,337,347,349,353,359,367,373,379,383,389,397,401,409,
P000012 ,37,41,43,47,53,59,61,67,71,73,79,83,89,97,101,103,107,109,113,127,131,137,139,149,151,157,163,167,173,179,181,191,193,197,199,211,223,227,229,233,239,241,251,257,263,269,271,277,281,283,293,307,311,313,317,331,337,347,349,353,359,367,373,379,383,389,397,401,409,
P000013 ,41,43,47,53,59,61,67,71,73,79,83,89,97,101,103,107,109,113,127,131,137,139,149,151,157,163,167,173,179,181,191,193,197,199,211,223,227,229,233,239,241,251,257,263,269,271,277,281,283,293,307,311,313,317,331,337,347,349,353,359,367,373,379,383,389,397,401,409,
P000014 ,43,47,53,59,61,67,71,73,79,83,89,97,101,103,107,109,113,127,131,137,139,149,151,157,163,167,173,179,181,191,193,197,199,211,223,227,229,233,239,241,251,257,263,269,271,277,281,283,293,307,311,313,317,331,337,347,349,353,359,367,373,379,383,389,397,401,409,
P000015 ,47,53,59,61,67,71,73,79,83,89,97,101,103,107,109,113,127,131,137,139,149,151,157,163,167,173,179,181,191,193,197,199,211,223,227,229,233,239,241,251,257,263,269,271,277,281,283,293,307,311,313,317,331,337,347,349,353,359,367,373,379,383,389,397,401,409,
P000016 ,53,59,61,67,71,73,79,83,89,97,101,103,107,109,113,127,131,137,139,149,151,157,163,167,173,179,181,191,193,197,199,211,223,227,229,233,239,241,251,257,263,269,271,277,281,283,293,307,311,313,317,331,337,347,349,353,359,367,373,379,383,389,397,401,409,
P000017 ,59,61,67,71,73,79,83,89,97,101,103,107,109,113,127,131,137,139,149,151,157,163,167,173,179,181,191,193,197,199,211,223,227,229,233,239,241,251,257,263,269,271,277,281,283,293,307,311,313,317,331,337,347,349,353,359,367,373,379,383,389,397,401,409,
P000018 ,61,67,71,73,79,83,89,97,101,103,107,109,113,127,131,137,139,149,151,157,163,167,173,179,181,191,193,197,199,211,223,227,229,233,239,241,251,257,263,269,271,277,281,283,293,307,311,313,317,331,337,347,349,353,359,367,373,379,383,389,397,401,409,
P000019 ,67,71,73,79,83,89,97,101,103,107,109,113,127,131,137,139,149,151,157,163,167,173,179,181,191,193,197,199,211,223,227,229,233,239,241,251,257,263,269,271,277,281,283,293,307,311,313,317,331,337,347,349,353,359,367,373,379,383,389,397,401,409,
P000020 ,71,73,79,83,89,97,101,103,107,109,113,127,131,137,139,149,151,157,163,167,173,179,181,191,193,197,199,211,223,227,229,233,239,241,251,257,263,269,271,277,281,283,293,307,311,313,317,331,337,347,349,353,359,367,373,379,383,389,397,401,409,
P000021 ,73,79,83,89,97,101,103,107,109,113,127,131,137,139,149,151,157,163,167,173,179,181,191,193,197,199,211,223,227,229,233,239,241,251,257,263,269,271,277,281,283,293,307,311,313,317,331,337,347,349,353,359,367,373,379,383,389,397,401,409,
P000022 ,79,83,89,97,101,103,107,109,113,127,131,137,139,149,151,157,163,167,173,179,181,191,193,197,199,211,223,227,229,233,239,241,251,257,263,269,271,277,281,283,293,307,311,313,317,331,337,347,349,353,359,367,373,379,383,389,397,401,409,
P000023 ,83,89,97,101,103,107,109,113,127,131,137,139,149,151,157,163,167,173,179,181,191,193,197,199,211,223,227,229,233,239,241,251,257,263,269,271,277,281,283,293,307,311,313,317,331,337,347,349,353,359,367,373,379,383,389,397,401,409,
P000024 ,89,97,101,103,107,109,113,127,131,137,139,149,151,157,163,167,173,179,181,191,193,197,199,211,223,227,229,233,239,241,251,257,263,269,271,277,281,283,293,307,311,313,317,331,337,347,349,353,359,367,373,379,383,389,397,401,409,
P000025 ,97,101,103,107,109,113,127,131,137,139,149,151,157,163,167,173,179,181,191,193,197,199,211,223,227,229,233,239,241,251,257,263,269,271,277,281,283,293,307,311,313,317,331,337,347,349,353,359,367,373,379,383,389,397,401,409,
P000026 ,101,103,107,109,113,127,131,137,139,149,151,157,163,167,173,179,181,191,193,197,199,211,223,227,229,233,239,241,251,257,263,269,271,277,281,283,293,307,311,313,317,331,337,347,349,353,359,367,373,379,383,389,397,401,409,
P000027 ,103,107,109,113,127,131,137,139,149,151,157,163,167,173,179,181,191,193,197,199,211,223,227,229,233,239,241,251,257,263,269,271,277,281,283,293,307,311,313,317,331,337,347,349,353,359,367,373,379,383,389,397,401,409,
P000028 ,107,109,113,127,131,137,139,149,151,157,163,167,173,179,181,191,193,197,199,211,223,227,229,233,239,241,251,257,263,269,271,277,281,283,293,307,311,313,317,331,337,347,349,353,359,367,373,379,383,389,397,401,409,
P000029 ,109,113,127,131,137,139,149,151,157,163,167,173,179,181,191,193,197,199,211,223,227,229,233,239,241,251,257,263,269,271,277,281,283,293,307,311,313,317,331,337,347,349,353,359,367,373,379,383,389,397,401,409,
P000030 ,113,127,131,137,139,149,151,157,163,167,173,179,181,191,193,197,199,211,223,227,229,233,239,241,251,257,263,269,271,277,281,283,293,307,311,313,317,331,337,347,349,353,359,367,373,379,383,389,397,401,409,
P000031 ,127,131,137,139,149,151,157,163,167,173,179,181,191,193,197,199,211,223,227,229,233,239,241,251,257,263,269,271,277,281,283,293,307,311,313,317,331,337,347,349,353,359,367,373,379,383,389,397,401,409,
P000032 ,1,2,2,4,2,4,2,4,6,2,6,4,2,4,6,6,2,6,4,2,6,4,6,8,4,2,4,2,4,14,4,6,2,10,2,6,6,4,6,6,2,10,2,4,2,12,12,4,2,4,6,2,10,6,6,6,2,6,4,2,10,14,4,2,4,14,6,10,2,4,6,8,6,6,4,6,8,4,8,10,
P000033 ,2,2,4,2,4,2,4,6,2,6,4,2,4,6,6,2,6,4,2,6,4,6,8,4,2,4,2,4,14,4,6,2,10,2,6,6,4,6,6,2,10,2,4,2,12,12,4,2,4,6,2,10,6,6,6,2,6,4,2,10,14,4,2,4,14,6,10,2,4,6,8,6,6,4,6,8,4,8,10,
P000034 ,2,4,2,4,2,4,6,2,6,4,2,4,6,6,2,6,4,2,6,4,6,8,4,2,4,2,4,14,4,6,2,10,2,6,6,4,6,6,2,10,2,4,2,12,12,4,2,4,6,2,10,6,6,6,2,6,4,2,10,14,4,2,4,14,6,10,2,4,6,8,6,6,4,6,8,4,8,10,
P000035 ,4,2,4,2,4,6,2,6,4,2,4,6,6,2,6,4,2,6,4,6,8,4,2,4,2,4,14,4,6,2,10,2,6,6,4,6,6,2,10,2,4,2,12,12,4,2,4,6,2,10,6,6,6,2,6,4,2,10,14,4,2,4,14,6,10,2,4,6,8,6,6,4,6,8,4,8,10,
P000036 ,2,4,2,4,6,2,6,4,2,4,6,6,2,6,4,2,6,4,6,8,4,2,4,2,4,14,4,6,2,10,2,6,6,4,6,6,2,10,2,4,2,12,12,4,2,4,6,2,10,6,6,6,2,6,4,2,10,14,4,2,4,14,6,10,2,4,6,8,6,6,4,6,8,4,8,10,
P000037 ,4,2,4,6,2,6,4,2,4,6,6,2,6,4,2,6,4,6,8,4,2,4,2,4,14,4,6,2,10,2,6,6,4,6,6,2,10,2,4,2,12,12,4,2,4,6,2,10,6,6,6,2,6,4,2,10,14,4,2,4,14,6,10,2,4,6,8,6,6,4,6,8,4,8,10,
P000038 ,2,4,6,2,6,4,2,4,6,6,2,6,4,2,6,4,6,8,4,2,4,2,4,14,4,6,2,10,2,6,6,4,6,6,2,10,2,4,2,12,12,4,2,4,6,2,10,6,6,6,2,6,4,2,10,14,4,2,4,14,6,10,2,4,6,8,6,6,4,6,8,4,8,10,
P000039 ,4,6,2,6,4,2,4,6,6,2,6,4,2,6,4,6,8,4,2,4,2,4,14,4,6,2,10,2,6,6,4,6,6,2,10,2,4,2,12,12,4,2,4,6,2,10,6,6,6,2,6,4,2,10,14,4,2,4,14,6,10,2,4,6,8,6,6,4,6,8,4,8,10,
P000040 ,6,2,6,4,2,4,6,6,2,6,4,2,6,4,6,8,4,2,4,2,4,14,4,6,2,10,2,6,6,4,6,6,2,10,2,4,2,12,12,4,2,4,6,2,10,6,6,6,2,6,4,2,10,14,4,2,4,14,6,10,2,4,6,8,6,6,4,6,8,4,8,10,
P000041 ,2,6,4,2,4,6,6,2,6,4,2,6,4,6,8,4,2,4,2,4,14,4,6,2,10,2,6,6,4,6,6,2,10,2,4,2,12,12,4,2,4,6,2,10,6,6,6,2,6,4,2,10,14,4,2,4,14,6,10,2,4,6,8,6,6,4,6,8,4,8,10,
P000042 ,6,4,2,4,6,6,2,6,4,2,6,4,6,8,4,2,4,2,4,14,4,6,2,10,2,6,6,4,6,6,2,10,2,4,2,12,12,4,2,4,6,2,10,6,6,6,2,6,4,2,10,14,4,2,4,14,6,10,2,4,6,8,6,6,4,6,8,4,8,10,
P000043 ,4,2,4,6,6,2,6,4,2,6,4,6,8,4,2,4,2,4,14,4,6,2,10,2,6,6,4,6,6,2,10,2,4,2,12,12,4,2,4,6,2,10,6,6,6,2,6,4,2,10,14,4,2,4,14,6,10,2,4,6,8,6,6,4,6,8,4,8,10,
P000044 ,2,4,6,6,2,6,4,2,6,4,6,8,4,2,4,2,4,14,4,6,2,10,2,6,6,4,6,6,2,10,2,4,2,12,12,4,2,4,6,2,10,6,6,6,2,6,4,2,10,14,4,2,4,14,6,10,2,4,6,8,6,6,4,6,8,4,8,10,
P000045 ,4,6,6,2,6,4,2,6,4,6,8,4,2,4,2,4,14,4,6,2,10,2,6,6,4,6,6,2,10,2,4,2,12,12,4,2,4,6,2,10,6,6,6,2,6,4,2,10,14,4,2,4,14,6,10,2,4,6,8,6,6,4,6,8,4,8,10,
P000046 ,6,6,2,6,4,2,6,4,6,8,4,2,4,2,4,14,4,6,2,10,2,6,6,4,6,6,2,10,2,4,2,12,12,4,2,4,6,2,10,6,6,6,2,6,4,2,10,14,4,2,4,14,6,10,2,4,6,8,6,6,4,6,8,4,8,10,
P000047 ,6,2,6,4,2,6,4,6,8,4,2,4,2,4,14,4,6,2,10,2,6,6,4,6,6,2,10,2,4,2,12,12,4,2,4,6,2,10,6,6,6,2,6,4,2,10,14,4,2,4,14,6,10,2,4,6,8,6,6,4,6,8,4,8,10,
P000048 ,2,6,4,2,6,4,6,8,4,2,4,2,4,14,4,6,2,10,2,6,6,4,6,6,2,10,2,4,2,12,12,4,2,4,6,2,10,6,6,6,2,6,4,2,10,14,4,2,4,14,6,10,2,4,6,8,6,6,4,6,8,4,8,10,
P000049 ,6,4,2,6,4,6,8,4,2,4,2,4,14,4,6,2,10,2,6,6,4,6,6,2,10,2,4,2,12,12,4,2,4,6,2,10,6,6,6,2,6,4,2,10,14,4,2,4,14,6,10,2,4,6,8,6,6,4,6,8,4,8,10,
P000050 ,4,2,6,4,6,8,4,2,4,2,4,14,4,6,2,10,2,6,6,4,6,6,2,10,2,4,2,12,12,4,2,4,6,2,10,6,6,6,2,6,4,2,10,14,4,2,4,14,6,10,2,4,6,8,6,6,4,6,8,4,8,10,
P000051 ,2,6,4,6,8,4,2,4,2,4,14,4,6,2,10,2,6,6,4,6,6,2,10,2,4,2,12,12,4,2,4,6,2,10,6,6,6,2,6,4,2,10,14,4,2,4,14,6,10,2,4,6,8,6,6,4,6,8,4,8,10,
P000052 ,6,4,6,8,4,2,4,2,4,14,4,6,2,10,2,6,6,4,6,6,2,10,2,4,2,12,12,4,2,4,6,2,10,6,6,6,2,6,4,2,10,14,4,2,4,14,6,10,2,4,6,8,6,6,4,6,8,4,8,10,
P000053 ,4,6,8,4,2,4,2,4,14,4,6,2,10,2,6,6,4,6,6,2,10,2,4,2,12,12,4,2,4,6,2,10,6,6,6,2,6,4,2,10,14,4,2,4,14,6,10,2,4,6,8,6,6,4,6,8,4,8,10,
P000054 ,6,8,4,2,4,2,4,14,4,6,2,10,2,6,6,4,6,6,2,10,2,4,2,12,12,4,2,4,6,2,10,6,6,6,2,6,4,2,10,14,4,2,4,14,6,10,2,4,6,8,6,6,4,6,8,4,8,10,
P000055 ,8,4,2,4,2,4,14,4,6,2,10,2,6,6,4,6,6,2,10,2,4,2,12,12,4,2,4,6,2,10,6,6,6,2,6,4,2,10,14,4,2,4,14,6,10,2,4,6,8,6,6,4,6,8,4,8,10,
P000056 ,4,2,4,2,4,14,4,6,2,10,2,6,6,4,6,6,2,10,2,4,2,12,12,4,2,4,6,2,10,6,6,6,2,6,4,2,10,14,4,2,4,14,6,10,2,4,6,8,6,6,4,6,8,4,8,10,
P000057 ,2,4,2,4,14,4,6,2,10,2,6,6,4,6,6,2,10,2,4,2,12,12,4,2,4,6,2,10,6,6,6,2,6,4,2,10,14,4,2,4,14,6,10,2,4,6,8,6,6,4,6,8,4,8,10,
P000058 ,4,2,4,14,4,6,2,10,2,6,6,4,6,6,2,10,2,4,2,12,12,4,2,4,6,2,10,6,6,6,2,6,4,2,10,14,4,2,4,14,6,10,2,4,6,8,6,6,4,6,8,4,8,10,
P000059 ,2,4,14,4,6,2,10,2,6,6,4,6,6,2,10,2,4,2,12,12,4,2,4,6,2,10,6,6,6,2,6,4,2,10,14,4,2,4,14,6,10,2,4,6,8,6,6,4,6,8,4,8,10,
P000060 ,4,14,4,6,2,10,2,6,6,4,6,6,2,10,2,4,2,12,12,4,2,4,6,2,10,6,6,6,2,6,4,2,10,14,4,2,4,14,6,10,2,4,6,8,6,6,4,6,8,4,8,10,
P000061 ,14,4,6,2,10,2,6,6,4,6,6,2,10,2,4,2,12,12,4,2,4,6,2,10,6,6,6,2,6,4,2,10,14,4,2,4,14,6,10,2,4,6,8,6,6,4,6,8,4,8,10,
P000062 ,4,6,2,10,2,6,6,4,6,6,2,10,2,4,2,12,12,4,2,4,6,2,10,6,6,6,2,6,4,2,10,14,4,2,4,14,6,10,2,4,6,8,6,6,4,6,8,4,8,10,
P000063 ,3,5,11,17,29,41,59,71,101,107,137,149,179,191,197,227,239,269,281,311,347,419,431,461,521,569,599,617,641,659,809,821,827,857,881,1019,1031,1049,1061,1091,1151,1229,1277,1289,1301,1319,1427,1451,1481,1487,
P000064 ,7,13,19,37,43,67,79,97,103,109,127,163,193,223,229,277,307,313,349,379,397,439,457,463,487,499,613,643,673,739,757,769,823,853,859,877,883,907,937,967,1009,1087,1093,1213,1279,1297,1303,1423,1429,1447,1483,1489,1549,1567,1579,
P000065 ,13,19,37,43,67,79,97,103,109,127,163,193,223,229,277,307,313,349,379,397,439,457,463,487,499,613,643,673,739,757,769,823,853,859,877,883,907,937,967,1009,1087,1093,1213,1279,1297,1303,1423,1429,1447,1483,1489,1549,1567,1579,
P000066 ,19,37,43,67,79,97,103,109,127,163,193,223,229,277,307,313,349,379,397,439,457,463,487,499,613,643,673,739,757,769,823,853,859,877,883,907,937,967,1009,1087,1093,1213,1279,1297,1303,1423,1429,1447,1483,1489,1549,1567,1579,
P000067 ,37,43,67,79,97,103,109,127,163,193,223,229,277,307,313,349,379,397,439,457,463,487,499,613,643,673,739,757,769,823,853,859,877,883,907,937,967,1009,1087,1093,1213,1279,1297,1303,1423,1429,1447,1483,1489,1549,1567,1579,
P000068 ,43,67,79,97,103,109,127,163,193,223,229,277,307,313,349,379,397,439,457,463,487,499,613,643,673,739,757,769,823,853,859,877,883,907,937,967,1009,1087,1093,1213,1279,1297,1303,1423,1429,1447,1483,1489,1549,1567,1579,
P000069 ,67,79,97,103,109,127,163,193,223,229,277,307,313,349,379,397,439,457,463,487,499,613,643,673,739,757,769,823,853,859,877,883,907,937,967,1009,1087,1093,1213,1279,1297,1303,1423,1429,1447,1483,1489,1549,1567,1579,
P000070 ,23,31,47,53,61,73,83,131,151,157,167,173,233,251,257,263,271,331,353,367,373,383,433,443,503,541,557,563,571,587,593,601,607,647,653,677,727,733,751,941,947,971,977,991,1013,1033,1063,1097,1103,1117,1123,1181,1187,1217,1223,1231,1283,1291,1321,1361,1367,1433,1453,1493,1543,1553,
P000071 ,31,47,53,61,73,83,131,151,157,167,173,233,251,257,263,271,331,353,367,373,383,433,443,503,541,557,563,571,587,593,601,607,647,653,677,727,733,751,941,947,971,977,991,1013,1033,1063,1097,1103,1117,1123,1181,1187,1217,1223,1231,1283,1291,1321,1361,1367,1433,1453,1493,1543,1553,
P000072 ,47,53,61,73,83,131,151,157,167,173,233,251,257,263,271,331,353,367,373,383,433,443,503,541,557,563,571,587,593,601,607,647,653,677,727,733,751,941,947,971,977,991,1013,1033,1063,1097,1103,1117,1123,1181,1187,1217,1223,1231,1283,1291,1321,1361,1367,1433,1453,1493,1543,1553,
P000073 ,53,61,73,83,131,151,157,167,173,233,251,257,263,271,331,353,367,373,383,433,443,503,541,557,563,571,587,593,601,607,647,653,677,727,733,751,941,947,971,977,991,1013,1033,1063,1097,1103,1117,1123,1181,1187,1217,1223,1231,1283,1291,1321,1361,1367,1433,1453,1493,1543,1553,
P000074 ,61,73,83,131,151,157,167,173,233,251,257,263,271,331,353,367,373,383,433,443,503,541,557,563,571,587,593,601,607,647,653,677,727,733,751,941,947,971,977,991,1013,1033,1063,1097,1103,1117,1123,1181,1187,1217,1223,1231,1283,1291,1321,1361,1367,1433,1453,1493,1543,1553,
P000075 ,73,83,131,151,157,167,173,233,251,257,263,271,331,353,367,373,383,433,443,503,541,557,563,571,587,593,601,607,647,653,677,727,733,751,941,947,971,977,991,1013,1033,1063,1097,1103,1117,1123,1181,1187,1217,1223,1231,1283,1291,1321,1361,1367,1433,1453,1493,1543,1553,
P000076 ,83,131,151,157,167,173,233,251,257,263,271,331,353,367,373,383,433,443,503,541,557,563,571,587,593,601,607,647,653,677,727,733,751,941,947,971,977,991,1013,1033,1063,1097,1103,1117,1123,1181,1187,1217,1223,1231,1283,1291,1321,1361,1367,1433,1453,1493,1543,1553,
P000077 ,131,151,157,167,173,233,251,257,263,271,331,353,367,373,383,433,443,503,541,557,563,571,587,593,601,607,647,653,677,727,733,751,941,947,971,977,991,1013,1033,1063,1097,1103,1117,1123,1181,1187,1217,1223,1231,1283,1291,1321,1361,1367,1433,1453,1493,1543,1553,
P000078 ,151,157,167,173,233,251,257,263,271,331,353,367,373,383,433,443,503,541,557,563,571,587,593,601,607,647,653,677,727,733,751,941,947,971,977,991,1013,1033,1063,1097,1103,1117,1123,1181,1187,1217,1223,1231,1283,1291,1321,1361,1367,1433,1453,1493,1543,1553,
P000079 ,157,167,173,233,251,257,263,271,331,353,367,373,383,433,443,503,541,557,563,571,587,593,601,607,647,653,677,727,733,751,941,947,971,977,991,1013,1033,1063,1097,1103,1117,1123,1181,1187,1217,1223,1231,1283,1291,1321,1361,1367,1433,1453,1493,1543,1553,
P000080 ,167,173,233,251,257,263,271,331,353,367,373,383,433,443,503,541,557,563,571,587,593,601,607,647,653,677,727,733,751,941,947,971,977,991,1013,1033,1063,1097,1103,1117,1123,1181,1187,1217,1223,1231,1283,1291,1321,1361,1367,1433,1453,1493,1543,1553,
P000081 ,173,233,251,257,263,271,331,353,367,373,383,433,443,503,541,557,563,571,587,593,601,607,647,653,677,727,733,751,941,947,971,977,991,1013,1033,1063,1097,1103,1117,1123,1181,1187,1217,1223,1231,1283,1291,1321,1361,1367,1433,1453,1493,1543,1553,
P000082 ,233,251,257,263,271,331,353,367,373,383,433,443,503,541,557,563,571,587,593,601,607,647,653,677,727,733,751,941,947,971,977,991,1013,1033,1063,1097,1103,1117,1123,1181,1187,1217,1223,1231,1283,1291,1321,1361,1367,1433,1453,1493,1543,1553,
P000083 ,251,257,263,271,331,353,367,373,383,433,443,503,541,557,563,571,587,593,601,607,647,653,677,727,733,751,941,947,971,977,991,1013,1033,1063,1097,1103,1117,1123,1181,1187,1217,1223,1231,1283,1291,1321,1361,1367,1433,1453,1493,1543,1553,
P000084 ,257,263,271,331,353,367,373,383,433,443,503,541,557,563,571,587,593,601,607,647,653,677,727,733,751,941,947,971,977,991,1013,1033,1063,1097,1103,1117,1123,1181,1187,1217,1223,1231,1283,1291,1321,1361,1367,1433,1453,1493,1543,1553,
P000085 ,263,271,331,353,367,373,383,433,443,503,541,557,563,571,587,593,601,607,647,653,677,727,733,751,941,947,971,977,991,1013,1033,1063,1097,1103,1117,1123,1181,1187,1217,1223,1231,1283,1291,1321,1361,1367,1433,1453,1493,1543,1553,
P000086 ,271,331,353,367,373,383,433,443,503,541,557,563,571,587,593,601,607,647,653,677,727,733,751,941,947,971,977,991,1013,1033,1063,1097,1103,1117,1123,1181,1187,1217,1223,1231,1283,1291,1321,1361,1367,1433,1453,1493,1543,1553,
P000087 ,4,9,25,49,121,169,289,361,529,841,961,1369,1681,1849,2209,2809,3481,3721,4489,5041,5329,6241,6889,7921,9409,10201,10609,11449,11881,12769,16129,17161,18769,19321,22201,22801,24649,26569,27889,29929,32041,32761,36481,37249,38809,39601,44521,49729,51529,52441,54289,57121,58081,63001,66049,69169,72361,73441,76729,78961,80089,85849,94249,96721,97969,100489,109561,113569,120409,121801,124609,128881,134689,139129,143641,146689,151321,157609,160801,167281,
P000088 ,9,25,49,121,169,289,361,529,841,961,1369,1681,1849,2209,2809,3481,3721,4489,5041,5329,6241,6889,7921,9409,10201,10609,11449,11881,12769,16129,17161,18769,19321,22201,22801,24649,26569,27889,29929,32041,32761,36481,37249,38809,39601,44521,49729,51529,52441,54289,57121,58081,63001,66049,69169,72361,73441,76729,78961,80089,85849,94249,96721,97969,100489,109561,113569,120409,121801,124609,128881,134689,139129,143641,146689,151321,157609,160801,167281,
P000089 ,25,49,121,169,289,361,529,841,961,1369,1681,1849,2209,2809,3481,3721,4489,5041,5329,6241,6889,7921,9409,10201,10609,11449,11881,12769,16129,17161,18769,19321,22201,22801,24649,26569,27889,29929,32041,32761,36481,37249,38809,39601,44521,49729,51529,52441,54289,57121,58081,63001,66049,69169,72361,73441,76729,78961,80089,85849,94249,96721,97969,100489,109561,113569,120409,121801,124609,128881,134689,139129,143641,146689,151321,157609,160801,167281,
P000090 ,49,121,169,289,361,529,841,961,1369,1681,1849,2209,2809,3481,3721,4489,5041,5329,6241,6889,7921,9409,10201,10609,11449,11881,12769,16129,17161,18769,19321,22201,22801,24649,26569,27889,29929,32041,32761,36481,37249,38809,39601,44521,49729,51529,52441,54289,57121,58081,63001,66049,69169,72361,73441,76729,78961,80089,85849,94249,96721,97969,100489,109561,113569,120409,121801,124609,128881,134689,139129,143641,146689,151321,157609,160801,167281,
P000091 ,121,169,289,361,529,841,961,1369,1681,1849,2209,2809,3481,3721,4489,5041,5329,6241,6889,7921,9409,10201,10609,11449,11881,12769,16129,17161,18769,19321,22201,22801,24649,26569,27889,29929,32041,32761,36481,37249,38809,39601,44521,49729,51529,52441,54289,57121,58081,63001,66049,69169,72361,73441,76729,78961,80089,85849,94249,96721,97969,100489,109561,113569,120409,121801,124609,128881,134689,139129,143641,146689,151321,157609,160801,167281,
P000092 ,169,289,361,529,841,961,1369,1681,1849,2209,2809,3481,3721,4489,5041,5329,6241,6889,7921,9409,10201,10609,11449,11881,12769,16129,17161,18769,19321,22201,22801,24649,26569,27889,29929,32041,32761,36481,37249,38809,39601,44521,49729,51529,52441,54289,57121,58081,63001,66049,69169,72361,73441,76729,78961,80089,85849,94249,96721,97969,100489,109561,113569,120409,121801,124609,128881,134689,139129,143641,146689,151321,157609,160801,167281,
P000093 ,289,361,529,841,961,1369,1681,1849,2209,2809,3481,3721,4489,5041,5329,6241,6889,7921,9409,10201,10609,11449,11881,12769,16129,17161,18769,19321,22201,22801,24649,26569,27889,29929,32041,32761,36481,37249,38809,39601,44521,49729,51529,52441,54289,57121,58081,63001,66049,69169,72361,73441,76729,78961,80089,85849,94249,96721,97969,100489,109561,113569,120409,121801,124609,128881,134689,139129,143641,146689,151321,157609,160801,167281,
P000094 ,361,529,841,961,1369,1681,1849,2209,2809,3481,3721,4489,5041,5329,6241,6889,7921,9409,10201,10609,11449,11881,12769,16129,17161,18769,19321,22201,22801,24649,26569,27889,29929,32041,32761,36481,37249,38809,39601,44521,49729,51529,52441,54289,57121,58081,63001,66049,69169,72361,73441,76729,78961,80089,85849,94249,96721,97969,100489,109561,113569,120409,121801,124609,128881,134689,139129,143641,146689,151321,157609,160801,167281,
P000095 ,529,841,961,1369,1681,1849,2209,2809,3481,3721,4489,5041,5329,6241,6889,7921,9409,10201,10609,11449,11881,12769,16129,17161,18769,19321,22201,22801,24649,26569,27889,29929,32041,32761,36481,37249,38809,39601,44521,49729,51529,52441,54289,57121,58081,63001,66049,69169,72361,73441,76729,78961,80089,85849,94249,96721,97969,100489,109561,113569,120409,121801,124609,128881,134689,139129,143641,146689,151321,157609,160801,167281,
P000096 ,841,961,1369,1681,1849,2209,2809,3481,3721,4489,5041,5329,6241,6889,7921,9409,10201,10609,11449,11881,12769,16129,17161,18769,19321,22201,22801,24649,26569,27889,29929,32041,32761,36481,37249,38809,39601,44521,49729,51529,52441,54289,57121,58081,63001,66049,69169,72361,73441,76729,78961,80089,85849,94249,96721,97969,100489,109561,113569,120409,121801,124609,128881,134689,139129,143641,146689,151321,157609,160801,167281,
P000097 ,961,1369,1681,1849,2209,2809,3481,3721,4489,5041,5329,6241,6889,7921,9409,10201,10609,11449,11881,12769,16129,17161,18769,19321,22201,22801,24649,26569,27889,29929,32041,32761,36481,37249,38809,39601,44521,49729,51529,52441,54289,57121,58081,63001,66049,69169,72361,73441,76729,78961,80089,85849,94249,96721,97969,100489,109561,113569,120409,121801,124609,128881,134689,139129,143641,146689,151321,157609,160801,167281,
P000098 ,1369,1681,1849,2209,2809,3481,3721,4489,5041,5329,6241,6889,7921,9409,10201,10609,11449,11881,12769,16129,17161,18769,19321,22201,22801,24649,26569,27889,29929,32041,32761,36481,37249,38809,39601,44521,49729,51529,52441,54289,57121,58081,63001,66049,69169,72361,73441,76729,78961,80089,85849,94249,96721,97969,100489,109561,113569,120409,121801,124609,128881,134689,139129,143641,146689,151321,157609,160801,167281,
P000099 ,1681,1849,2209,2809,3481,3721,4489,5041,5329,6241,6889,7921,9409,10201,10609,11449,11881,12769,16129,17161,18769,19321,22201,22801,24649,26569,27889,29929,32041,32761,36481,37249,38809,39601,44521,49729,51529,52441,54289,57121,58081,63001,66049,69169,72361,73441,76729,78961,80089,85849,94249,96721,97969,100489,109561,113569,120409,121801,124609,128881,134689,139129,143641,146689,151321,157609,160801,167281,
P000100 ,1849,2209,2809,3481,3721,4489,5041,5329,6241,6889,7921,9409,10201,10609,11449,11881,12769,16129,17161,18769,19321,22201,22801,24649,26569,27889,29929,32041,32761,36481,37249,38809,39601,44521,49729,51529,52441,54289,57121,58081,63001,66049,69169,72361,73441,76729,78961,80089,85849,94249,96721,97969,100489,109561,113569,120409,121801,124609,128881,134689,139129,143641,146689,151321,157609,160801,167281,
P000101 ,2209,2809,3481,3721,4489,5041,5329,6241,6889,7921,9409,10201,10609,11449,11881,12769,16129,17161,18769,19321,22201,22801,24649,26569,27889,29929,32041,32761,36481,37249,38809,39601,44521,49729,51529,52441,54289,57121,58081,63001,66049,69169,72361,73441,76729,78961,80089,85849,94249,96721,97969,100489,109561,113569,120409,121801,124609,128881,134689,139129,143641,146689,151321,157609,160801,167281,
P000102 ,2809,3481,3721,4489,5041,5329,6241,6889,7921,9409,10201,10609,11449,11881,12769,16129,17161,18769,19321,22201,22801,24649,26569,27889,29929,32041,32761,36481,37249,38809,39601,44521,49729,51529,52441,54289,57121,58081,63001,66049,69169,72361,73441,76729,78961,80089,85849,94249,96721,97969,100489,109561,113569,120409,121801,124609,128881,134689,139129,143641,146689,151321,157609,160801,167281,
P000103 ,3481,3721,4489,5041,5329,6241,6889,7921,9409,10201,10609,11449,11881,12769,16129,17161,18769,19321,22201,22801,24649,26569,27889,29929,32041,32761,36481,37249,38809,39601,44521,49729,51529,52441,54289,57121,58081,63001,66049,69169,72361,73441,76729,78961,80089,85849,94249,96721,97969,100489,109561,113569,120409,121801,124609,128881,134689,139129,143641,146689,151321,157609,160801,167281,
P000104 ,3721,4489,5041,5329,6241,6889,7921,9409,10201,10609,11449,11881,12769,16129,17161,18769,19321,22201,22801,24649,26569,27889,29929,32041,32761,36481,37249,38809,39601,44521,49729,51529,52441,54289,57121,58081,63001,66049,69169,72361,73441,76729,78961,80089,85849,94249,96721,97969,100489,109561,113569,120409,121801,124609,128881,134689,139129,143641,146689,151321,157609,160801,167281,
P000105 ,4489,5041,5329,6241,6889,7921,9409,10201,10609,11449,11881,12769,16129,17161,18769,19321,22201,22801,24649,26569,27889,29929,32041,32761,36481,37249,38809,39601,44521,49729,51529,52441,54289,57121,58081,63001,66049,69169,72361,73441,76729,78961,80089,85849,94249,96721,97969,100489,109561,113569,120409,121801,124609,128881,134689,139129,143641,146689,151321,157609,160801,167281,
P000106 ,5041,5329,6241,6889,7921,9409,10201,10609,11449,11881,12769,16129,17161,18769,19321,22201,22801,24649,26569,27889,29929,32041,32761,36481,37249,38809,39601,44521,49729,51529,52441,54289,57121,58081,63001,66049,69169,72361,73441,76729,78961,80089,85849,94249,96721,97969,100489,109561,113569,120409,121801,124609,128881,134689,139129,143641,146689,151321,157609,160801,167281,
P000107 ,5329,6241,6889,7921,9409,10201,10609,11449,11881,12769,16129,17161,18769,19321,22201,22801,24649,26569,27889,29929,32041,32761,36481,37249,38809,39601,44521,49729,51529,52441,54289,57121,58081,63001,66049,69169,72361,73441,76729,78961,80089,85849,94249,96721,97969,100489,109561,113569,120409,121801,124609,128881,134689,139129,143641,146689,151321,157609,160801,167281,
P000108 ,6241,6889,7921,9409,10201,10609,11449,11881,12769,16129,17161,18769,19321,22201,22801,24649,26569,27889,29929,32041,32761,36481,37249,38809,39601,44521,49729,51529,52441,54289,57121,58081,63001,66049,69169,72361,73441,76729,78961,80089,85849,94249,96721,97969,100489,109561,113569,120409,121801,124609,128881,134689,139129,143641,146689,151321,157609,160801,167281,
P000109 ,6889,7921,9409,10201,10609,11449,11881,12769,16129,17161,18769,19321,22201,22801,24649,26569,27889,29929,32041,32761,36481,37249,38809,39601,44521,49729,51529,52441,54289,57121,58081,63001,66049,69169,72361,73441,76729,78961,80089,85849,94249,96721,97969,100489,109561,113569,120409,121801,124609,128881,134689,139129,143641,146689,151321,157609,160801,167281,
P000110 ,7921,9409,10201,10609,11449,11881,12769,16129,17161,18769,19321,22201,22801,24649,26569,27889,29929,32041,32761,36481,37249,38809,39601,44521,49729,51529,52441,54289,57121,58081,63001,66049,69169,72361,73441,76729,78961,80089,85849,94249,96721,97969,100489,109561,113569,120409,121801,124609,128881,134689,139129,143641,146689,151321,157609,160801,167281,
P000111 ,9409,10201,10609,11449,11881,12769,16129,17161,18769,19321,22201,22801,24649,26569,27889,29929,32041,32761,36481,37249,38809,39601,44521,49729,51529,52441,54289,57121,58081,63001,66049,69169,72361,73441,76729,78961,80089,85849,94249,96721,97969,100489,109561,113569,120409,121801,124609,128881,134689,139129,143641,146689,151321,157609,160801,167281,
P000112 ,10201,10609,11449,11881,12769,16129,17161,18769,19321,22201,22801,24649,26569,27889,29929,32041,32761,36481,37249,38809,39601,44521,49729,51529,52441,54289,57121,58081,63001,66049,69169,72361,73441,76729,78961,80089,85849,94249,96721,97969,100489,109561,113569,120409,121801,124609,128881,134689,139129,143641,146689,151321,157609,160801,167281,
P000113 ,10609,11449,11881,12769,16129,17161,18769,19321,22201,22801,24649,26569,27889,29929,32041,32761,36481,37249,38809,39601,44521,49729,51529,52441,54289,57121,58081,63001,66049,69169,72361,73441,76729,78961,80089,85849,94249,96721,97969,100489,109561,113569,120409,121801,124609,128881,134689,139129,143641,146689,151321,157609,160801,167281,
P000114 ,11449,11881,12769,16129,17161,18769,19321,22201,22801,24649,26569,27889,29929,32041,32761,36481,37249,38809,39601,44521,49729,51529,52441,54289,57121,58081,63001,66049,69169,72361,73441,76729,78961,80089,85849,94249,96721,97969,100489,109561,113569,120409,121801,124609,128881,134689,139129,143641,146689,151321,157609,160801,167281,
P000115 ,11881,12769,16129,17161,18769,19321,22201,22801,24649,26569,27889,29929,32041,32761,36481,37249,38809,39601,44521,49729,51529,52441,54289,57121,58081,63001,66049,69169,72361,73441,76729,78961,80089,85849,94249,96721,97969,100489,109561,113569,120409,121801,124609,128881,134689,139129,143641,146689,151321,157609,160801,167281,
P000116 ,12769,16129,17161,18769,19321,22201,22801,24649,26569,27889,29929,32041,32761,36481,37249,38809,39601,44521,49729,51529,52441,54289,57121,58081,63001,66049,69169,72361,73441,76729,78961,80089,85849,94249,96721,97969,100489,109561,113569,120409,121801,124609,128881,134689,139129,143641,146689,151321,157609,160801,167281,
P000117 ,16129,17161,18769,19321,22201,22801,24649,26569,27889,29929,32041,32761,36481,37249,38809,39601,44521,49729,51529,52441,54289,57121,58081,63001,66049,69169,72361,73441,76729,78961,80089,85849,94249,96721,97969,100489,109561,113569,120409,121801,124609,128881,134689,139129,143641,146689,151321,157609,160801,167281,
P000118 ,8,27,125,343,1331,2197,4913,6859,12167,24389,29791,50653,68921,79507,103823,148877,205379,226981,300763,357911,389017,493039,571787,704969,912673,1030301,1092727,1225043,1295029,1442897,2048383,2248091,2571353,2685619,3307949,3442951,3869893,4330747,4657463,5177717,5735339,5929741,6967871,7189057,7645373,7880599,9393931,11089567,11697083,12008989,12649337,13651919,13997521,15813251,16974593,18191447,19465109,19902511,21253933,22188041,
P000119 ,27,125,343,1331,2197,4913,6859,12167,24389,29791,50653,68921,79507,103823,148877,205379,226981,300763,357911,389017,493039,571787,704969,912673,1030301,1092727,1225043,1295029,1442897,2048383,2248091,2571353,2685619,3307949,3442951,3869893,4330747,4657463,5177717,5735339,5929741,6967871,7189057,7645373,7880599,9393931,11089567,11697083,12008989,12649337,13651919,13997521,15813251,16974593,18191447,19465109,19902511,21253933,22188041,
P000120 ,125,343,1331,2197,4913,6859,12167,24389,29791,50653,68921,79507,103823,148877,205379,226981,300763,357911,389017,493039,571787,704969,912673,1030301,1092727,1225043,1295029,1442897,2048383,2248091,2571353,2685619,3307949,3442951,3869893,4330747,4657463,5177717,5735339,5929741,6967871,7189057,7645373,7880599,9393931,11089567,11697083,12008989,12649337,13651919,13997521,15813251,16974593,18191447,19465109,19902511,21253933,22188041,
P000121 ,343,1331,2197,4913,6859,12167,24389,29791,50653,68921,79507,103823,148877,205379,226981,300763,357911,389017,493039,571787,704969,912673,1030301,1092727,1225043,1295029,1442897,2048383,2248091,2571353,2685619,3307949,3442951,3869893,4330747,4657463,5177717,5735339,5929741,6967871,7189057,7645373,7880599,9393931,11089567,11697083,12008989,12649337,13651919,13997521,15813251,16974593,18191447,19465109,19902511,21253933,22188041,
P000122 ,1331,2197,4913,6859,12167,24389,29791,50653,68921,79507,103823,148877,205379,226981,300763,357911,389017,493039,571787,704969,912673,1030301,1092727,1225043,1295029,1442897,2048383,2248091,2571353,2685619,3307949,3442951,3869893,4330747,4657463,5177717,5735339,5929741,6967871,7189057,7645373,7880599,9393931,11089567,11697083,12008989,12649337,13651919,13997521,15813251,16974593,18191447,19465109,19902511,21253933,22188041,
P000123 ,2197,4913,6859,12167,24389,29791,50653,68921,79507,103823,148877,205379,226981,300763,357911,389017,493039,571787,704969,912673,1030301,1092727,1225043,1295029,1442897,2048383,2248091,2571353,2685619,3307949,3442951,3869893,4330747,4657463,5177717,5735339,5929741,6967871,7189057,7645373,7880599,9393931,11089567,11697083,12008989,12649337,13651919,13997521,15813251,16974593,18191447,19465109,19902511,21253933,22188041,
P000124 ,4913,6859,12167,24389,29791,50653,68921,79507,103823,148877,205379,226981,300763,357911,389017,493039,571787,704969,912673,1030301,1092727,1225043,1295029,1442897,2048383,2248091,2571353,2685619,3307949,3442951,3869893,4330747,4657463,5177717,5735339,5929741,6967871,7189057,7645373,7880599,9393931,11089567,11697083,12008989,12649337,13651919,13997521,15813251,16974593,18191447,19465109,19902511,21253933,22188041,
P000125 ,6859,12167,24389,29791,50653,68921,79507,103823,148877,205379,226981,300763,357911,389017,493039,571787,704969,912673,1030301,1092727,1225043,1295029,1442897,2048383,2248091,2571353,2685619,3307949,3442951,3869893,4330747,4657463,5177717,5735339,5929741,6967871,7189057,7645373,7880599,9393931,11089567,11697083,12008989,12649337,13651919,13997521,15813251,16974593,18191447,19465109,19902511,21253933,22188041,
P000126 ,12167,24389,29791,50653,68921,79507,103823,148877,205379,226981,300763,357911,389017,493039,571787,704969,912673,1030301,1092727,1225043,1295029,1442897,2048383,2248091,2571353,2685619,3307949,3442951,3869893,4330747,4657463,5177717,5735339,5929741,6967871,7189057,7645373,7880599,9393931,11089567,11697083,12008989,12649337,13651919,13997521,15813251,16974593,18191447,19465109,19902511,21253933,22188041,
P000127 ,24389,29791,50653,68921,79507,103823,148877,205379,226981,300763,357911,389017,493039,571787,704969,912673,1030301,1092727,1225043,1295029,1442897,2048383,2248091,2571353,2685619,3307949,3442951,3869893,4330747,4657463,5177717,5735339,5929741,6967871,7189057,7645373,7880599,9393931,11089567,11697083,12008989,12649337,13651919,13997521,15813251,16974593,18191447,19465109,19902511,21253933,22188041,
P000128 ,29791,50653,68921,79507,103823,148877,205379,226981,300763,357911,389017,493039,571787,704969,912673,1030301,1092727,1225043,1295029,1442897,2048383,2248091,2571353,2685619,3307949,3442951,3869893,4330747,4657463,5177717,5735339,5929741,6967871,7189057,7645373,7880599,9393931,11089567,11697083,12008989,12649337,13651919,13997521,15813251,16974593,18191447,19465109,19902511,21253933,22188041,
P000129 ,3,4,6,8,12,14,18,20,24,30,32,38,42,44,48,54,60,62,68,72,74,80,84,90,98,102,104,108,110,114,128,132,138,140,150,152,158,164,168,174,180,182,192,194,198,200,212,224,228,230,234,240,242,252,258,264,270,272,278,282,284,294,308,312,314,318,332,338,348,350,354,360,368,374,380,384,390,398,402,410,
P000130 ,4,6,8,12,14,18,20,24,30,32,38,42,44,48,54,60,62,68,72,74,80,84,90,98,102,104,108,110,114,128,132,138,140,150,152,158,164,168,174,180,182,192,194,198,200,212,224,228,230,234,240,242,252,258,264,270,272,278,282,284,294,308,312,314,318,332,338,348,350,354,360,368,374,380,384,390,398,402,410,
P000131 ,6,8,12,14,18,20,24,30,32,38,42,44,48,54,60,62,68,72,74,80,84,90,98,102,104,108,110,114,128,132,138,140,150,152,158,164,168,174,180,182,192,194,198,200,212,224,228,230,234,240,242,252,258,264,270,272,278,282,284,294,308,312,314,318,332,338,348,350,354,360,368,374,380,384,390,398,402,410,
P000132 ,8,12,14,18,20,24,30,32,38,42,44,48,54,60,62,68,72,74,80,84,90,98,102,104,108,110,114,128,132,138,140,150,152,158,164,168,174,180,182,192,194,198,200,212,224,228,230,234,240,242,252,258,264,270,272,278,282,284,294,308,312,314,318,332,338,348,350,354,360,368,374,380,384,390,398,402,410,
P000133 ,12,14,18,20,24,30,32,38,42,44,48,54,60,62,68,72,74,80,84,90,98,102,104,108,110,114,128,132,138,140,150,152,158,164,168,174,180,182,192,194,198,200,212,224,228,230,234,240,242,252,258,264,270,272,278,282,284,294,308,312,314,318,332,338,348,350,354,360,368,374,380,384,390,398,402,410,
P000134 ,14,18,20,24,30,32,38,42,44,48,54,60,62,68,72,74,80,84,90,98,102,104,108,110,114,128,132,138,140,150,152,158,164,168,174,180,182,192,194,198,200,212,224,228,230,234,240,242,252,258,264,270,272,278,282,284,294,308,312,314,318,332,338,348,350,354,360,368,374,380,384,390,398,402,410,
P000135 ,18,20,24,30,32,38,42,44,48,54,60,62,68,72,74,80,84,90,98,102,104,108,110,114,128,132,138,140,150,152,158,164,168,174,180,182,192,194,198,200,212,224,228,230,234,240,242,252,258,264,270,272,278,282,284,294,308,312,314,318,332,338,348,350,354,360,368,374,380,384,390,398,402,410,
P000136 ,20,24,30,32,38,42,44,48,54,60,62,68,72,74,80,84,90,98,102,104,108,110,114,128,132,138,140,150,152,158,164,168,174,180,182,192,194,198,200,212,224,228,230,234,240,242,252,258,264,270,272,278,282,284,294,308,312,314,318,332,338,348,350,354,360,368,374,380,384,390,398,402,410,
P000137 ,24,30,32,38,42,44,48,54,60,62,68,72,74,80,84,90,98,102,104,108,110,114,128,132,138,140,150,152,158,164,168,174,180,182,192,194,198,200,212,224,228,230,234,240,242,252,258,264,270,272,278,282,284,294,308,312,314,318,332,338,348,350,354,360,368,374,380,384,390,398,402,410,
P000138 ,30,32,38,42,44,48,54,60,62,68,72,74,80,84,90,98,102,104,108,110,114,128,132,138,140,150,152,158,164,168,174,180,182,192,194,198,200,212,224,228,230,234,240,242,252,258,264,270,272,278,282,284,294,308,312,314,318,332,338,348,350,354,360,368,374,380,384,390,398,402,410,
P000139 ,32,38,42,44,48,54,60,62,68,72,74,80,84,90,98,102,104,108,110,114,128,132,138,140,150,152,158,164,168,174,180,182,192,194,198,200,212,224,228,230,234,240,242,252,258,264,270,272,278,282,284,294,308,312,314,318,332,338,348,350,354,360,368,374,380,384,390,398,402,410,
P000140 ,38,42,44,48,54,60,62,68,72,74,80,84,90,98,102,104,108,110,114,128,132,138,140,150,152,158,164,168,174,180,182,192,194,198,200,212,224,228,230,234,240,242,252,258,264,270,272,278,282,284,294,308,312,314,318,332,338,348,350,354,360,368,374,380,384,390,398,402,410,
P000141 ,42,44,48,54,60,62,68,72,74,80,84,90,98,102,104,108,110,114,128,132,138,140,150,152,158,164,168,174,180,182,192,194,198,200,212,224,228,230,234,240,242,252,258,264,270,272,278,282,284,294,308,312,314,318,332,338,348,350,354,360,368,374,380,384,390,398,402,410,
P000142 ,44,48,54,60,62,68,72,74,80,84,90,98,102,104,108,110,114,128,132,138,140,150,152,158,164,168,174,180,182,192,194,198,200,212,224,228,230,234,240,242,252,258,264,270,272,278,282,284,294,308,312,314,318,332,338,348,350,354,360,368,374,380,384,390,398,402,410,
P000143 ,48,54,60,62,68,72,74,80,84,90,98,102,104,108,110,114,128,132,138,140,150,152,158,164,168,174,180,182,192,194,198,200,212,224,228,230,234,240,242,252,258,264,270,272,278,282,284,294,308,312,314,318,332,338,348,350,354,360,368,374,380,384,390,398,402,410,
P000144 ,54,60,62,68,72,74,80,84,90,98,102,104,108,110,114,128,132,138,140,150,152,158,164,168,174,180,182,192,194,198,200,212,224,228,230,234,240,242,252,258,264,270,272,278,282,284,294,308,312,314,318,332,338,348,350,354,360,368,374,380,384,390,398,402,410,
P000145 ,60,62,68,72,74,80,84,90,98,102,104,108,110,114,128,132,138,140,150,152,158,164,168,174,180,182,192,194,198,200,212,224,228,230,234,240,242,252,258,264,270,272,278,282,284,294,308,312,314,318,332,338,348,350,354,360,368,374,380,384,390,398,402,410,
P000146 ,62,68,72,74,80,84,90,98,102,104,108,110,114,128,132,138,140,150,152,158,164,168,174,180,182,192,194,198,200,212,224,228,230,234,240,242,252,258,264,270,272,278,282,284,294,308,312,314,318,332,338,348,350,354,360,368,374,380,384,390,398,402,410,
P000147 ,68,72,74,80,84,90,98,102,104,108,110,114,128,132,138,140,150,152,158,164,168,174,180,182,192,194,198,200,212,224,228,230,234,240,242,252,258,264,270,272,278,282,284,294,308,312,314,318,332,338,348,350,354,360,368,374,380,384,390,398,402,410,
P000148 ,72,74,80,84,90,98,102,104,108,110,114,128,132,138,140,150,152,158,164,168,174,180,182,192,194,198,200,212,224,228,230,234,240,242,252,258,264,270,272,278,282,284,294,308,312,314,318,332,338,348,350,354,360,368,374,380,384,390,398,402,410,
P000149 ,74,80,84,90,98,102,104,108,110,114,128,132,138,140,150,152,158,164,168,174,180,182,192,194,198,200,212,224,228,230,234,240,242,252,258,264,270,272,278,282,284,294,308,312,314,318,332,338,348,350,354,360,368,374,380,384,390,398,402,410,
P000150 ,80,84,90,98,102,104,108,110,114,128,132,138,140,150,152,158,164,168,174,180,182,192,194,198,200,212,224,228,230,234,240,242,252,258,264,270,272,278,282,284,294,308,312,314,318,332,338,348,350,354,360,368,374,380,384,390,398,402,410,
P000151 ,84,90,98,102,104,108,110,114,128,132,138,140,150,152,158,164,168,174,180,182,192,194,198,200,212,224,228,230,234,240,242,252,258,264,270,272,278,282,284,294,308,312,314,318,332,338,348,350,354,360,368,374,380,384,390,398,402,410,
P000152 ,90,98,102,104,108,110,114,128,132,138,140,150,152,158,164,168,174,180,182,192,194,198,200,212,224,228,230,234,240,242,252,258,264,270,272,278,282,284,294,308,312,314,318,332,338,348,350,354,360,368,374,380,384,390,398,402,410,
P000153 ,98,102,104,108,110,114,128,132,138,140,150,152,158,164,168,174,180,182,192,194,198,200,212,224,228,230,234,240,242,252,258,264,270,272,278,282,284,294,308,312,314,318,332,338,348,350,354,360,368,374,380,384,390,398,402,410,
P000154 ,102,104,108,110,114,128,132,138,140,150,152,158,164,168,174,180,182,192,194,198,200,212,224,228,230,234,240,242,252,258,264,270,272,278,282,284,294,308,312,314,318,332,338,348,350,354,360,368,374,380,384,390,398,402,410,
P000155 ,104,108,110,114,128,132,138,140,150,152,158,164,168,174,180,182,192,194,198,200,212,224,228,230,234,240,242,252,258,264,270,272,278,282,284,294,308,312,314,318,332,338,348,350,354,360,368,374,380,384,390,398,402,410,
P000156 ,108,110,114,128,132,138,140,150,152,158,164,168,174,180,182,192,194,198,200,212,224,228,230,234,240,242,252,258,264,270,272,278,282,284,294,308,312,314,318,332,338,348,350,354,360,368,374,380,384,390,398,402,410,
P000157 ,110,114,128,132,138,140,150,152,158,164,168,174,180,182,192,194,198,200,212,224,228,230,234,240,242,252,258,264,270,272,278,282,284,294,308,312,314,318,332,338,348,350,354,360,368,374,380,384,390,398,402,410,
P000158 ,114,128,132,138,140,150,152,158,164,168,174,180,182,192,194,198,200,212,224,228,230,234,240,242,252,258,264,270,272,278,282,284,294,308,312,314,318,332,338,348,350,354,360,368,374,380,384,390,398,402,410,
P000159 ,128,132,138,140,150,152,158,164,168,174,180,182,192,194,198,200,212,224,228,230,234,240,242,252,258,264,270,272,278,282,284,294,308,312,314,318,332,338,348,350,354,360,368,374,380,384,390,398,402,410,
P000160 ,1,2,4,6,10,12,16,18,22,28,30,36,40,42,46,52,58,60,66,70,72,78,82,88,96,100,102,106,108,112,126,130,136,138,148,150,156,162,166,172,178,180,190,192,196,198,210,222,226,228,232,238,240,250,256,262,268,270,276,280,282,292,306,310,312,316,330,336,346,348,352,358,366,372,378,382,388,396,400,408,
P000161 ,2,4,6,10,12,16,18,22,28,30,36,40,42,46,52,58,60,66,70,72,78,82,88,96,100,102,106,108,112,126,130,136,138,148,150,156,162,166,172,178,180,190,192,196,198,210,222,226,228,232,238,240,250,256,262,268,270,276,280,282,292,306,310,312,316,330,336,346,348,352,358,366,372,378,382,388,396,400,408,
P000162 ,4,6,10,12,16,18,22,28,30,36,40,42,46,52,58,60,66,70,72,78,82,88,96,100,102,106,108,112,126,130,136,138,148,150,156,162,166,172,178,180,190,192,196,198,210,222,226,228,232,238,240,250,256,262,268,270,276,280,282,292,306,310,312,316,330,336,346,348,352,358,366,372,378,382,388,396,400,408,
P000163 ,6,10,12,16,18,22,28,30,36,40,42,46,52,58,60,66,70,72,78,82,88,96,100,102,106,108,112,126,130,136,138,148,150,156,162,166,172,178,180,190,192,196,198,210,222,226,228,232,238,240,250,256,262,268,270,276,280,282,292,306,310,312,316,330,336,346,348,352,358,366,372,378,382,388,396,400,408,
P000164 ,10,12,16,18,22,28,30,36,40,42,46,52,58,60,66,70,72,78,82,88,96,100,102,106,108,112,126,130,136,138,148,150,156,162,166,172,178,180,190,192,196,198,210,222,226,228,232,238,240,250,256,262,268,270,276,280,282,292,306,310,312,316,330,336,346,348,352,358,366,372,378,382,388,396,400,408,
P000165 ,12,16,18,22,28,30,36,40,42,46,52,58,60,66,70,72,78,82,88,96,100,102,106,108,112,126,130,136,138,148,150,156,162,166,172,178,180,190,192,196,198,210,222,226,228,232,238,240,250,256,262,268,270,276,280,282,292,306,310,312,316,330,336,346,348,352,358,366,372,378,382,388,396,400,408,
P000166 ,16,18,22,28,30,36,40,42,46,52,58,60,66,70,72,78,82,88,96,100,102,106,108,112,126,130,136,138,148,150,156,162,166,172,178,180,190,192,196,198,210,222,226,228,232,238,240,250,256,262,268,270,276,280,282,292,306,310,312,316,330,336,346,348,352,358,366,372,378,382,388,396,400,408,
P000167 ,18,22,28,30,36,40,42,46,52,58,60,66,70,72,78,82,88,96,100,102,106,108,112,126,130,136,138,148,150,156,162,166,172,178,180,190,192,196,198,210,222,226,228,232,238,240,250,256,262,268,270,276,280,282,292,306,310,312,316,330,336,346,348,352,358,366,372,378,382,388,396,400,408,
P000168 ,22,28,30,36,40,42,46,52,58,60,66,70,72,78,82,88,96,100,102,106,108,112,126,130,136,138,148,150,156,162,166,172,178,180,190,192,196,198,210,222,226,228,232,238,240,250,256,262,268,270,276,280,282,292,306,310,312,316,330,336,346,348,352,358,366,372,378,382,388,396,400,408,
P000169 ,28,30,36,40,42,46,52,58,60,66,70,72,78,82,88,96,100,102,106,108,112,126,130,136,138,148,150,156,162,166,172,178,180,190,192,196,198,210,222,226,228,232,238,240,250,256,262,268,270,276,280,282,292,306,310,312,316,330,336,346,348,352,358,366,372,378,382,388,396,400,408,
P000170 ,30,36,40,42,46,52,58,60,66,70,72,78,82,88,96,100,102,106,108,112,126,130,136,138,148,150,156,162,166,172,178,180,190,192,196,198,210,222,226,228,232,238,240,250,256,262,268,270,276,280,282,292,306,310,312,316,330,336,346,348,352,358,366,372,378,382,388,396,400,408,
P000171 ,36,40,42,46,52,58,60,66,70,72,78,82,88,96,100,102,106,108,112,126,130,136,138,148,150,156,162,166,172,178,180,190,192,196,198,210,222,226,228,232,238,240,250,256,262,268,270,276,280,282,292,306,310,312,316,330,336,346,348,352,358,366,372,378,382,388,396,400,408,
P000172 ,40,42,46,52,58,60,66,70,72,78,82,88,96,100,102,106,108,112,126,130,136,138,148,150,156,162,166,172,178,180,190,192,196,198,210,222,226,228,232,238,240,250,256,262,268,270,276,280,282,292,306,310,312,316,330,336,346,348,352,358,366,372,378,382,388,396,400,408,
P000173 ,42,46,52,58,60,66,70,72,78,82,88,96,100,102,106,108,112,126,130,136,138,148,150,156,162,166,172,178,180,190,192,196,198,210,222,226,228,232,238,240,250,256,262,268,270,276,280,282,292,306,310,312,316,330,336,346,348,352,358,366,372,378,382,388,396,400,408,
P000174 ,46,52,58,60,66,70,72,78,82,88,96,100,102,106,108,112,126,130,136,138,148,150,156,162,166,172,178,180,190,192,196,198,210,222,226,228,232,238,240,250,256,262,268,270,276,280,282,292,306,310,312,316,330,336,346,348,352,358,366,372,378,382,388,396,400,408,
P000175 ,52,58,60,66,70,72,78,82,88,96,100,102,106,108,112,126,130,136,138,148,150,156,162,166,172,178,180,190,192,196,198,210,222,226,228,232,238,240,250,256,262,268,270,276,280,282,292,306,310,312,316,330,336,346,348,352,358,366,372,378,382,388,396,400,408,
P000176 ,58,60,66,70,72,78,82,88,96,100,102,106,108,112,126,130,136,138,148,150,156,162,166,172,178,180,190,192,196,198,210,222,226,228,232,238,240,250,256,262,268,270,276,280,282,292,306,310,312,316,330,336,346,348,352,358,366,372,378,382,388,396,400,408,
P000177 ,60,66,70,72,78,82,88,96,100,102,106,108,112,126,130,136,138,148,150,156,162,166,172,178,180,190,192,196,198,210,222,226,228,232,238,240,250,256,262,268,270,276,280,282,292,306,310,312,316,330,336,346,348,352,358,366,372,378,382,388,396,400,408,
P000178 ,66,70,72,78,82,88,96,100,102,106,108,112,126,130,136,138,148,150,156,162,166,172,178,180,190,192,196,198,210,222,226,228,232,238,240,250,256,262,268,270,276,280,282,292,306,310,312,316,330,336,346,348,352,358,366,372,378,382,388,396,400,408,
P000179 ,70,72,78,82,88,96,100,102,106,108,112,126,130,136,138,148,150,156,162,166,172,178,180,190,192,196,198,210,222,226,228,232,238,240,250,256,262,268,270,276,280,282,292,306,310,312,316,330,336,346,348,352,358,366,372,378,382,388,396,400,408,
P000180 ,72,78,82,88,96,100,102,106,108,112,126,130,136,138,148,150,156,162,166,172,178,180,190,192,196,198,210,222,226,228,232,238,240,250,256,262,268,270,276,280,282,292,306,310,312,316,330,336,346,348,352,358,366,372,378,382,388,396,400,408,
P000181 ,78,82,88,96,100,102,106,108,112,126,130,136,138,148,150,156,162,166,172,178,180,190,192,196,198,210,222,226,228,232,238,240,250,256,262,268,270,276,280,282,292,306,310,312,316,330,336,346,348,352,358,366,372,378,382,388,396,400,408,
P000182 ,82,88,96,100,102,106,108,112,126,130,136,138,148,150,156,162,166,172,178,180,190,192,196,198,210,222,226,228,232,238,240,250,256,262,268,270,276,280,282,292,306,310,312,316,330,336,346,348,352,358,366,372,378,382,388,396,400,408,
P000183 ,88,96,100,102,106,108,112,126,130,136,138,148,150,156,162,166,172,178,180,190,192,196,198,210,222,226,228,232,238,240,250,256,262,268,270,276,280,282,292,306,310,312,316,330,336,346,348,352,358,366,372,378,382,388,396,400,408,
P000184 ,96,100,102,106,108,112,126,130,136,138,148,150,156,162,166,172,178,180,190,192,196,198,210,222,226,228,232,238,240,250,256,262,268,270,276,280,282,292,306,310,312,316,330,336,346,348,352,358,366,372,378,382,388,396,400,408,
P000185 ,100,102,106,108,112,126,130,136,138,148,150,156,162,166,172,178,180,190,192,196,198,210,222,226,228,232,238,240,250,256,262,268,270,276,280,282,292,306,310,312,316,330,336,346,348,352,358,366,372,378,382,388,396,400,408,
P000186 ,102,106,108,112,126,130,136,138,148,150,156,162,166,172,178,180,190,192,196,198,210,222,226,228,232,238,240,250,256,262,268,270,276,280,282,292,306,310,312,316,330,336,346,348,352,358,366,372,378,382,388,396,400,408,
P000187 ,106,108,112,126,130,136,138,148,150,156,162,166,172,178,180,190,192,196,198,210,222,226,228,232,238,240,250,256,262,268,270,276,280,282,292,306,310,312,316,330,336,346,348,352,358,366,372,378,382,388,396,400,408,
P000188 ,108,112,126,130,136,138,148,150,156,162,166,172,178,180,190,192,196,198,210,222,226,228,232,238,240,250,256,262,268,270,276,280,282,292,306,310,312,316,330,336,346,348,352,358,366,372,378,382,388,396,400,408,
P000189 ,112,126,130,136,138,148,150,156,162,166,172,178,180,190,192,196,198,210,222,226,228,232,238,240,250,256,262,268,270,276,280,282,292,306,310,312,316,330,336,346,348,352,358,366,372,378,382,388,396,400,408,
P000190 ,126,130,136,138,148,150,156,162,166,172,178,180,190,192,196,198,210,222,226,228,232,238,240,250,256,262,268,270,276,280,282,292,306,310,312,316,330,336,346,348,352,358,366,372,378,382,388,396,400,408,
P000191 ,4,6,10,14,22,26,34,38,46,58,62,74,82,86,94,106,118,122,134,142,146,158,166,178,194,202,206,214,218,226,254,262,274,278,298,302,314,326,334,346,358,362,382,386,394,398,422,446,454,458,466,478,482,502,514,526,538,542,554,562,566,586,614,622,626,634,662,674,694,698,706,718,734,746,758,766,778,794,802,818,
P000192 ,6,10,14,22,26,34,38,46,58,62,74,82,86,94,106,118,122,134,142,146,158,166,178,194,202,206,214,218,226,254,262,274,278,298,302,314,326,334,346,358,362,382,386,394,398,422,446,454,458,466,478,482,502,514,526,538,542,554,562,566,586,614,622,626,634,662,674,694,698,706,718,734,746,758,766,778,794,802,818,
P000193 ,10,14,22,26,34,38,46,58,62,74,82,86,94,106,118,122,134,142,146,158,166,178,194,202,206,214,218,226,254,262,274,278,298,302,314,326,334,346,358,362,382,386,394,398,422,446,454,458,466,478,482,502,514,526,538,542,554,562,566,586,614,622,626,634,662,674,694,698,706,718,734,746,758,766,778,794,802,818,
P000194 ,14,22,26,34,38,46,58,62,74,82,86,94,106,118,122,134,142,146,158,166,178,194,202,206,214,218,226,254,262,274,278,298,302,314,326,334,346,358,362,382,386,394,398,422,446,454,458,466,478,482,502,514,526,538,542,554,562,566,586,614,622,626,634,662,674,694,698,706,718,734,746,758,766,778,794,802,818,
P000195 ,22,26,34,38,46,58,62,74,82,86,94,106,118,122,134,142,146,158,166,178,194,202,206,214,218,226,254,262,274,278,298,302,314,326,334,346,358,362,382,386,394,398,422,446,454,458,466,478,482,502,514,526,538,542,554,562,566,586,614,622,626,634,662,674,694,698,706,718,734,746,758,766,778,794,802,818,
P000196 ,26,34,38,46,58,62,74,82,86,94,106,118,122,134,142,146,158,166,178,194,202,206,214,218,226,254,262,274,278,298,302,314,326,334,346,358,362,382,386,394,398,422,446,454,458,466,478,482,502,514,526,538,542,554,562,566,586,614,622,626,634,662,674,694,698,706,718,734,746,758,766,778,794,802,818,
P000197 ,34,38,46,58,62,74,82,86,94,106,118,122,134,142,146,158,166,178,194,202,206,214,218,226,254,262,274,278,298,302,314,326,334,346,358,362,382,386,394,398,422,446,454,458,466,478,482,502,514,526,538,542,554,562,566,586,614,622,626,634,662,674,694,698,706,718,734,746,758,766,778,794,802,818,
P000198 ,38,46,58,62,74,82,86,94,106,118,122,134,142,146,158,166,178,194,202,206,214,218,226,254,262,274,278,298,302,314,326,334,346,358,362,382,386,394,398,422,446,454,458,466,478,482,502,514,526,538,542,554,562,566,586,614,622,626,634,662,674,694,698,706,718,734,746,758,766,778,794,802,818,
P000199 ,46,58,62,74,82,86,94,106,118,122,134,142,146,158,166,178,194,202,206,214,218,226,254,262,274,278,298,302,314,326,334,346,358,362,382,386,394,398,422,446,454,458,466,478,482,502,514,526,538,542,554,562,566,586,614,622,626,634,662,674,694,698,706,718,734,746,758,766,778,794,802,818,
P000200 ,58,62,74,82,86,94,106,118,122,134,142,146,158,166,178,194,202,206,214,218,226,254,262,274,278,298,302,314,326,334,346,358,362,382,386,394,398,422,446,454,458,466,478,482,502,514,526,538,542,554,562,566,586,614,622,626,634,662,674,694,698,706,718,734,746,758,766,778,794,802,818,
P000201 ,62,74,82,86,94,106,118,122,134,142,146,158,166,178,194,202,206,214,218,226,254,262,274,278,298,302,314,326,334,346,358,362,382,386,394,398,422,446,454,458,466,478,482,502,514,526,538,542,554,562,566,586,614,622,626,634,662,674,694,698,706,718,734,746,758,766,778,794,802,818,
P000202 ,74,82,86,94,106,118,122,134,142,146,158,166,178,194,202,206,214,218,226,254,262,274,278,298,302,314,326,334,346,358,362,382,386,394,398,422,446,454,458,466,478,482,502,514,526,538,542,554,562,566,586,614,622,626,634,662,674,694,698,706,718,734,746,758,766,778,794,802,818,
P000203 ,82,86,94,106,118,122,134,142,146,158,166,178,194,202,206,214,218,226,254,262,274,278,298,302,314,326,334,346,358,362,382,386,394,398,422,446,454,458,466,478,482,502,514,526,538,542,554,562,566,586,614,622,626,634,662,674,694,698,706,718,734,746,758,766,778,794,802,818,
P000204 ,86,94,106,118,122,134,142,146,158,166,178,194,202,206,214,218,226,254,262,274,278,298,302,314,326,334,346,358,362,382,386,394,398,422,446,454,458,466,478,482,502,514,526,538,542,554,562,566,586,614,622,626,634,662,674,694,698,706,718,734,746,758,766,778,794,802,818,
P000205 ,94,106,118,122,134,142,146,158,166,178,194,202,206,214,218,226,254,262,274,278,298,302,314,326,334,346,358,362,382,386,394,398,422,446,454,458,466,478,482,502,514,526,538,542,554,562,566,586,614,622,626,634,662,674,694,698,706,718,734,746,758,766,778,794,802,818,
P000206 ,106,118,122,134,142,146,158,166,178,194,202,206,214,218,226,254,262,274,278,298,302,314,326,334,346,358,362,382,386,394,398,422,446,454,458,466,478,482,502,514,526,538,542,554,562,566,586,614,622,626,634,662,674,694,698,706,718,734,746,758,766,778,794,802,818,
P000207 ,118,122,134,142,146,158,166,178,194,202,206,214,218,226,254,262,274,278,298,302,314,326,334,346,358,362,382,386,394,398,422,446,454,458,466,478,482,502,514,526,538,542,554,562,566,586,614,622,626,634,662,674,694,698,706,718,734,746,758,766,778,794,802,818,
P000208 ,122,134,142,146,158,166,178,194,202,206,214,218,226,254,262,274,278,298,302,314,326,334,346,358,362,382,386,394,398,422,446,454,458,466,478,482,502,514,526,538,542,554,562,566,586,614,622,626,634,662,674,694,698,706,718,734,746,758,766,778,794,802,818,
P000209 ,134,142,146,158,166,178,194,202,206,214,218,226,254,262,274,278,298,302,314,326,334,346,358,362,382,386,394,398,422,446,454,458,466,478,482,502,514,526,538,542,554,562,566,586,614,622,626,634,662,674,694,698,706,718,734,746,758,766,778,794,802,818,
P000210 ,142,146,158,166,178,194,202,206,214,218,226,254,262,274,278,298,302,314,326,334,346,358,362,382,386,394,398,422,446,454,458,466,478,482,502,514,526,538,542,554,562,566,586,614,622,626,634,662,674,694,698,706,718,734,746,758,766,778,794,802,818,
P000211 ,146,158,166,178,194,202,206,214,218,226,254,262,274,278,298,302,314,326,334,346,358,362,382,386,394,398,422,446,454,458,466,478,482,502,514,526,538,542,554,562,566,586,614,622,626,634,662,674,694,698,706,718,734,746,758,766,778,794,802,818,
P000212 ,158,166,178,194,202,206,214,218,226,254,262,274,278,298,302,314,326,334,346,358,362,382,386,394,398,422,446,454,458,466,478,482,502,514,526,538,542,554,562,566,586,614,622,626,634,662,674,694,698,706,718,734,746,758,766,778,794,802,818,
P000213 ,166,178,194,202,206,214,218,226,254,262,274,278,298,302,314,326,334,346,358,362,382,386,394,398,422,446,454,458,466,478,482,502,514,526,538,542,554,562,566,586,614,622,626,634,662,674,694,698,706,718,734,746,758,766,778,794,802,818,
P000214 ,178,194,202,206,214,218,226,254,262,274,278,298,302,314,326,334,346,358,362,382,386,394,398,422,446,454,458,466,478,482,502,514,526,538,542,554,562,566,586,614,622,626,634,662,674,694,698,706,718,734,746,758,766,778,794,802,818,
P000215 ,194,202,206,214,218,226,254,262,274,278,298,302,314,326,334,346,358,362,382,386,394,398,422,446,454,458,466,478,482,502,514,526,538,542,554,562,566,586,614,622,626,634,662,674,694,698,706,718,734,746,758,766,778,794,802,818,
P000216 ,202,206,214,218,226,254,262,274,278,298,302,314,326,334,346,358,362,382,386,394,398,422,446,454,458,466,478,482,502,514,526,538,542,554,562,566,586,614,622,626,634,662,674,694,698,706,718,734,746,758,766,778,794,802,818,
P000217 ,206,214,218,226,254,262,274,278,298,302,314,326,334,346,358,362,382,386,394,398,422,446,454,458,466,478,482,502,514,526,538,542,554,562,566,586,614,622,626,634,662,674,694,698,706,718,734,746,758,766,778,794,802,818,
P000218 ,214,218,226,254,262,274,278,298,302,314,326,334,346,358,362,382,386,394,398,422,446,454,458,466,478,482,502,514,526,538,542,554,562,566,586,614,622,626,634,662,674,694,698,706,718,734,746,758,766,778,794,802,818,
P000219 ,218,226,254,262,274,278,298,302,314,326,334,346,358,362,382,386,394,398,422,446,454,458,466,478,482,502,514,526,538,542,554,562,566,586,614,622,626,634,662,674,694,698,706,718,734,746,758,766,778,794,802,818,
P000220 ,226,254,262,274,278,298,302,314,326,334,346,358,362,382,386,394,398,422,446,454,458,466,478,482,502,514,526,538,542,554,562,566,586,614,622,626,634,662,674,694,698,706,718,734,746,758,766,778,794,802,818,
P000221 ,254,262,274,278,298,302,314,326,334,346,358,362,382,386,394,398,422,446,454,458,466,478,482,502,514,526,538,542,554,562,566,586,614,622,626,634,662,674,694,698,706,718,734,746,758,766,778,794,802,818,
P000222 ,2,6,15,28,55,78,119,152,207,290,341,444,533,602,705,848,1003,1098,1273,1420,1533,1738,1909,2136,2425,2626,2781,2996,3161,3390,3937,4192,4521,4726,5215,5436,5809,6194,6513,6920,7339,7602,8213,8492,8865,9154,9917,10704,11123,11450,11883,12428,12773,13554,14135,14728,15333,15718,16343,16860,17263,18166,19341,19904,20345,20922,22177,22916,23943,24430,25063,25848,26791,27602,28425,29108,29953,30966,31679,32720,
P000223 ,6,15,28,55,78,119,152,207,290,341,444,533,602,705,848,1003,1098,1273,1420,1533,1738,1909,2136,2425,2626,2781,2996,3161,3390,3937,4192,4521,4726,5215,5436,5809,6194,6513,6920,7339,7602,8213,8492,8865,9154,9917,10704,11123,11450,11883,12428,12773,13554,14135,14728,15333,15718,16343,16860,17263,18166,19341,19904,20345,20922,22177,22916,23943,24430,25063,25848,26791,27602,28425,29108,29953,30966,31679,32720,
P000224 ,15,28,55,78,119,152,207,290,341,444,533,602,705,848,1003,1098,1273,1420,1533,1738,1909,2136,2425,2626,2781,2996,3161,3390,3937,4192,4521,4726,5215,5436,5809,6194,6513,6920,7339,7602,8213,8492,8865,9154,9917,10704,11123,11450,11883,12428,12773,13554,14135,14728,15333,15718,16343,16860,17263,18166,19341,19904,20345,20922,22177,22916,23943,24430,25063,25848,26791,27602,28425,29108,29953,30966,31679,32720,
P000225 ,28,55,78,119,152,207,290,341,444,533,602,705,848,1003,1098,1273,1420,1533,1738,1909,2136,2425,2626,2781,2996,3161,3390,3937,4192,4521,4726,5215,5436,5809,6194,6513,6920,7339,7602,8213,8492,8865,9154,9917,10704,11123,11450,11883,12428,12773,13554,14135,14728,15333,15718,16343,16860,17263,18166,19341,19904,20345,20922,22177,22916,23943,24430,25063,25848,26791,27602,28425,29108,29953,30966,31679,32720,
P000226 ,55,78,119,152,207,290,341,444,533,602,705,848,1003,1098,1273,1420,1533,1738,1909,2136,2425,2626,2781,2996,3161,3390,3937,4192,4521,4726,5215,5436,5809,6194,6513,6920,7339,7602,8213,8492,8865,9154,9917,10704,11123,11450,11883,12428,12773,13554,14135,14728,15333,15718,16343,16860,17263,18166,19341,19904,20345,20922,22177,22916,23943,24430,25063,25848,26791,27602,28425,29108,29953,30966,31679,32720,
P000227 ,78,119,152,207,290,341,444,533,602,705,848,1003,1098,1273,1420,1533,1738,1909,2136,2425,2626,2781,2996,3161,3390,3937,4192,4521,4726,5215,5436,5809,6194,6513,6920,7339,7602,8213,8492,8865,9154,9917,10704,11123,11450,11883,12428,12773,13554,14135,14728,15333,15718,16343,16860,17263,18166,19341,19904,20345,20922,22177,22916,23943,24430,25063,25848,26791,27602,28425,29108,29953,30966,31679,32720,
P000228 ,119,152,207,290,341,444,533,602,705,848,1003,1098,1273,1420,1533,1738,1909,2136,2425,2626,2781,2996,3161,3390,3937,4192,4521,4726,5215,5436,5809,6194,6513,6920,7339,7602,8213,8492,8865,9154,9917,10704,11123,11450,11883,12428,12773,13554,14135,14728,15333,15718,16343,16860,17263,18166,19341,19904,20345,20922,22177,22916,23943,24430,25063,25848,26791,27602,28425,29108,29953,30966,31679,32720,
P000229 ,152,207,290,341,444,533,602,705,848,1003,1098,1273,1420,1533,1738,1909,2136,2425,2626,2781,2996,3161,3390,3937,4192,4521,4726,5215,5436,5809,6194,6513,6920,7339,7602,8213,8492,8865,9154,9917,10704,11123,11450,11883,12428,12773,13554,14135,14728,15333,15718,16343,16860,17263,18166,19341,19904,20345,20922,22177,22916,23943,24430,25063,25848,26791,27602,28425,29108,29953,30966,31679,32720,
P000230 ,207,290,341,444,533,602,705,848,1003,1098,1273,1420,1533,1738,1909,2136,2425,2626,2781,2996,3161,3390,3937,4192,4521,4726,5215,5436,5809,6194,6513,6920,7339,7602,8213,8492,8865,9154,9917,10704,11123,11450,11883,12428,12773,13554,14135,14728,15333,15718,16343,16860,17263,18166,19341,19904,20345,20922,22177,22916,23943,24430,25063,25848,26791,27602,28425,29108,29953,30966,31679,32720,
P000231 ,290,341,444,533,602,705,848,1003,1098,1273,1420,1533,1738,1909,2136,2425,2626,2781,2996,3161,3390,3937,4192,4521,4726,5215,5436,5809,6194,6513,6920,7339,7602,8213,8492,8865,9154,9917,10704,11123,11450,11883,12428,12773,13554,14135,14728,15333,15718,16343,16860,17263,18166,19341,19904,20345,20922,22177,22916,23943,24430,25063,25848,26791,27602,28425,29108,29953,30966,31679,32720,
P000232 ,341,444,533,602,705,848,1003,1098,1273,1420,1533,1738,1909,2136,2425,2626,2781,2996,3161,3390,3937,4192,4521,4726,5215,5436,5809,6194,6513,6920,7339,7602,8213,8492,8865,9154,9917,10704,11123,11450,11883,12428,12773,13554,14135,14728,15333,15718,16343,16860,17263,18166,19341,19904,20345,20922,22177,22916,23943,24430,25063,25848,26791,27602,28425,29108,29953,30966,31679,32720,
P000233 ,444,533,602,705,848,1003,1098,1273,1420,1533,1738,1909,2136,2425,2626,2781,2996,3161,3390,3937,4192,4521,4726,5215,5436,5809,6194,6513,6920,7339,7602,8213,8492,8865,9154,9917,10704,11123,11450,11883,12428,12773,13554,14135,14728,15333,15718,16343,16860,17263,18166,19341,19904,20345,20922,22177,22916,23943,24430,25063,25848,26791,27602,28425,29108,29953,30966,31679,32720,
P000234 ,533,602,705,848,1003,1098,1273,1420,1533,1738,1909,2136,2425,2626,2781,2996,3161,3390,3937,4192,4521,4726,5215,5436,5809,6194,6513,6920,7339,7602,8213,8492,8865,9154,9917,10704,11123,11450,11883,12428,12773,13554,14135,14728,15333,15718,16343,16860,17263,18166,19341,19904,20345,20922,22177,22916,23943,24430,25063,25848,26791,27602,28425,29108,29953,30966,31679,32720,
P000235 ,602,705,848,1003,1098,1273,1420,1533,1738,1909,2136,2425,2626,2781,2996,3161,3390,3937,4192,4521,4726,5215,5436,5809,6194,6513,6920,7339,7602,8213,8492,8865,9154,9917,10704,11123,11450,11883,12428,12773,13554,14135,14728,15333,15718,16343,16860,17263,18166,19341,19904,20345,20922,22177,22916,23943,24430,25063,25848,26791,27602,28425,29108,29953,30966,31679,32720,
P000236 ,705,848,1003,1098,1273,1420,1533,1738,1909,2136,2425,2626,2781,2996,3161,3390,3937,4192,4521,4726,5215,5436,5809,6194,6513,6920,7339,7602,8213,8492,8865,9154,9917,10704,11123,11450,11883,12428,12773,13554,14135,14728,15333,15718,16343,16860,17263,18166,19341,19904,20345,20922,22177,22916,23943,24430,25063,25848,26791,27602,28425,29108,29953,30966,31679,32720,
P000237 ,848,1003,1098,1273,1420,1533,1738,1909,2136,2425,2626,2781,2996,3161,3390,3937,4192,4521,4726,5215,5436,5809,6194,6513,6920,7339,7602,8213,8492,8865,9154,9917,10704,11123,11450,11883,12428,12773,13554,14135,14728,15333,15718,16343,16860,17263,18166,19341,19904,20345,20922,22177,22916,23943,24430,25063,25848,26791,27602,28425,29108,29953,30966,31679,32720,
P000238 ,1003,1098,1273,1420,1533,1738,1909,2136,2425,2626,2781,2996,3161,3390,3937,4192,4521,4726,5215,5436,5809,6194,6513,6920,7339,7602,8213,8492,8865,9154,9917,10704,11123,11450,11883,12428,12773,13554,14135,14728,15333,15718,16343,16860,17263,18166,19341,19904,20345,20922,22177,22916,23943,24430,25063,25848,26791,27602,28425,29108,29953,30966,31679,32720,
P000239 ,1098,1273,1420,1533,1738,1909,2136,2425,2626,2781,2996,3161,3390,3937,4192,4521,4726,5215,5436,5809,6194,6513,6920,7339,7602,8213,8492,8865,9154,9917,10704,11123,11450,11883,12428,12773,13554,14135,14728,15333,15718,16343,16860,17263,18166,19341,19904,20345,20922,22177,22916,23943,24430,25063,25848,26791,27602,28425,29108,29953,30966,31679,32720,
P000240 ,1273,1420,1533,1738,1909,2136,2425,2626,2781,2996,3161,3390,3937,4192,4521,4726,5215,5436,5809,6194,6513,6920,7339,7602,8213,8492,8865,9154,9917,10704,11123,11450,11883,12428,12773,13554,14135,14728,15333,15718,16343,16860,17263,18166,19341,19904,20345,20922,22177,22916,23943,24430,25063,25848,26791,27602,28425,29108,29953,30966,31679,32720,
P000241 ,1420,1533,1738,1909,2136,2425,2626,2781,2996,3161,3390,3937,4192,4521,4726,5215,5436,5809,6194,6513,6920,7339,7602,8213,8492,8865,9154,9917,10704,11123,11450,11883,12428,12773,13554,14135,14728,15333,15718,16343,16860,17263,18166,19341,19904,20345,20922,22177,22916,23943,24430,25063,25848,26791,27602,28425,29108,29953,30966,31679,32720,
P000242 ,1533,1738,1909,2136,2425,2626,2781,2996,3161,3390,3937,4192,4521,4726,5215,5436,5809,6194,6513,6920,7339,7602,8213,8492,8865,9154,9917,10704,11123,11450,11883,12428,12773,13554,14135,14728,15333,15718,16343,16860,17263,18166,19341,19904,20345,20922,22177,22916,23943,24430,25063,25848,26791,27602,28425,29108,29953,30966,31679,32720,
P000243 ,1738,1909,2136,2425,2626,2781,2996,3161,3390,3937,4192,4521,4726,5215,5436,5809,6194,6513,6920,7339,7602,8213,8492,8865,9154,9917,10704,11123,11450,11883,12428,12773,13554,14135,14728,15333,15718,16343,16860,17263,18166,19341,19904,20345,20922,22177,22916,23943,24430,25063,25848,26791,27602,28425,29108,29953,30966,31679,32720,
P000244 ,1909,2136,2425,2626,2781,2996,3161,3390,3937,4192,4521,4726,5215,5436,5809,6194,6513,6920,7339,7602,8213,8492,8865,9154,9917,10704,11123,11450,11883,12428,12773,13554,14135,14728,15333,15718,16343,16860,17263,18166,19341,19904,20345,20922,22177,22916,23943,24430,25063,25848,26791,27602,28425,29108,29953,30966,31679,32720,
P000245 ,2136,2425,2626,2781,2996,3161,3390,3937,4192,4521,4726,5215,5436,5809,6194,6513,6920,7339,7602,8213,8492,8865,9154,9917,10704,11123,11450,11883,12428,12773,13554,14135,14728,15333,15718,16343,16860,17263,18166,19341,19904,20345,20922,22177,22916,23943,24430,25063,25848,26791,27602,28425,29108,29953,30966,31679,32720,
P000246 ,2425,2626,2781,2996,3161,3390,3937,4192,4521,4726,5215,5436,5809,6194,6513,6920,7339,7602,8213,8492,8865,9154,9917,10704,11123,11450,11883,12428,12773,13554,14135,14728,15333,15718,16343,16860,17263,18166,19341,19904,20345,20922,22177,22916,23943,24430,25063,25848,26791,27602,28425,29108,29953,30966,31679,32720,
P000247 ,2626,2781,2996,3161,3390,3937,4192,4521,4726,5215,5436,5809,6194,6513,6920,7339,7602,8213,8492,8865,9154,9917,10704,11123,11450,11883,12428,12773,13554,14135,14728,15333,15718,16343,16860,17263,18166,19341,19904,20345,20922,22177,22916,23943,24430,25063,25848,26791,27602,28425,29108,29953,30966,31679,32720,
P000248 ,2781,2996,3161,3390,3937,4192,4521,4726,5215,5436,5809,6194,6513,6920,7339,7602,8213,8492,8865,9154,9917,10704,11123,11450,11883,12428,12773,13554,14135,14728,15333,15718,16343,16860,17263,18166,19341,19904,20345,20922,22177,22916,23943,24430,25063,25848,26791,27602,28425,29108,29953,30966,31679,32720,
P000249 ,2996,3161,3390,3937,4192,4521,4726,5215,5436,5809,6194,6513,6920,7339,7602,8213,8492,8865,9154,9917,10704,11123,11450,11883,12428,12773,13554,14135,14728,15333,15718,16343,16860,17263,18166,19341,19904,20345,20922,22177,22916,23943,24430,25063,25848,26791,27602,28425,29108,29953,30966,31679,32720,
P000250 ,3161,3390,3937,4192,4521,4726,5215,5436,5809,6194,6513,6920,7339,7602,8213,8492,8865,9154,9917,10704,11123,11450,11883,12428,12773,13554,14135,14728,15333,15718,16343,16860,17263,18166,19341,19904,20345,20922,22177,22916,23943,24430,25063,25848,26791,27602,28425,29108,29953,30966,31679,32720,
P000251 ,3390,3937,4192,4521,4726,5215,5436,5809,6194,6513,6920,7339,7602,8213,8492,8865,9154,9917,10704,11123,11450,11883,12428,12773,13554,14135,14728,15333,15718,16343,16860,17263,18166,19341,19904,20345,20922,22177,22916,23943,24430,25063,25848,26791,27602,28425,29108,29953,30966,31679,32720,
P000252 ,3937,4192,4521,4726,5215,5436,5809,6194,6513,6920,7339,7602,8213,8492,8865,9154,9917,10704,11123,11450,11883,12428,12773,13554,14135,14728,15333,15718,16343,16860,17263,18166,19341,19904,20345,20922,22177,22916,23943,24430,25063,25848,26791,27602,28425,29108,29953,30966,31679,32720,
P000253 ,3,5,8,11,16,19,24,27,32,39,42,49,54,57,62,69,76,79,86,91,94,101,106,113,122,127,130,135,138,143,158,163,170,173,184,187,194,201,206,213,220,223,234,237,242,245,258,271,276,279,284,291,294,305,312,319,326,329,336,341,344,355,370,375,378,383,398,405,416,419,424,431,440,447,454,459,466,475,480,489,
P000254 ,5,8,11,16,19,24,27,32,39,42,49,54,57,62,69,76,79,86,91,94,101,106,113,122,127,130,135,138,143,158,163,170,173,184,187,194,201,206,213,220,223,234,237,242,245,258,271,276,279,284,291,294,305,312,319,326,329,336,341,344,355,370,375,378,383,398,405,416,419,424,431,440,447,454,459,466,475,480,489,
P000255 ,8,11,16,19,24,27,32,39,42,49,54,57,62,69,76,79,86,91,94,101,106,113,122,127,130,135,138,143,158,163,170,173,184,187,194,201,206,213,220,223,234,237,242,245,258,271,276,279,284,291,294,305,312,319,326,329,336,341,344,355,370,375,378,383,398,405,416,419,424,431,440,447,454,459,466,475,480,489,
P000256 ,11,16,19,24,27,32,39,42,49,54,57,62,69,76,79,86,91,94,101,106,113,122,127,130,135,138,143,158,163,170,173,184,187,194,201,206,213,220,223,234,237,242,245,258,271,276,279,284,291,294,305,312,319,326,329,336,341,344,355,370,375,378,383,398,405,416,419,424,431,440,447,454,459,466,475,480,489,
P000257 ,16,19,24,27,32,39,42,49,54,57,62,69,76,79,86,91,94,101,106,113,122,127,130,135,138,143,158,163,170,173,184,187,194,201,206,213,220,223,234,237,242,245,258,271,276,279,284,291,294,305,312,319,326,329,336,341,344,355,370,375,378,383,398,405,416,419,424,431,440,447,454,459,466,475,480,489,
P000258 ,19,24,27,32,39,42,49,54,57,62,69,76,79,86,91,94,101,106,113,122,127,130,135,138,143,158,163,170,173,184,187,194,201,206,213,220,223,234,237,242,245,258,271,276,279,284,291,294,305,312,319,326,329,336,341,344,355,370,375,378,383,398,405,416,419,424,431,440,447,454,459,466,475,480,489,
P000259 ,24,27,32,39,42,49,54,57,62,69,76,79,86,91,94,101,106,113,122,127,130,135,138,143,158,163,170,173,184,187,194,201,206,213,220,223,234,237,242,245,258,271,276,279,284,291,294,305,312,319,326,329,336,341,344,355,370,375,378,383,398,405,416,419,424,431,440,447,454,459,466,475,480,489,
P000260 ,27,32,39,42,49,54,57,62,69,76,79,86,91,94,101,106,113,122,127,130,135,138,143,158,163,170,173,184,187,194,201,206,213,220,223,234,237,242,245,258,271,276,279,284,291,294,305,312,319,326,329,336,341,344,355,370,375,378,383,398,405,416,419,424,431,440,447,454,459,466,475,480,489,
P000261 ,32,39,42,49,54,57,62,69,76,79,86,91,94,101,106,113,122,127,130,135,138,143,158,163,170,173,184,187,194,201,206,213,220,223,234,237,242,245,258,271,276,279,284,291,294,305,312,319,326,329,336,341,344,355,370,375,378,383,398,405,416,419,424,431,440,447,454,459,466,475,480,489,
P000262 ,39,42,49,54,57,62,69,76,79,86,91,94,101,106,113,122,127,130,135,138,143,158,163,170,173,184,187,194,201,206,213,220,223,234,237,242,245,258,271,276,279,284,291,294,305,312,319,326,329,336,341,344,355,370,375,378,383,398,405,416,419,424,431,440,447,454,459,466,475,480,489,
P000263 ,42,49,54,57,62,69,76,79,86,91,94,101,106,113,122,127,130,135,138,143,158,163,170,173,184,187,194,201,206,213,220,223,234,237,242,245,258,271,276,279,284,291,294,305,312,319,326,329,336,341,344,355,370,375,378,383,398,405,416,419,424,431,440,447,454,459,466,475,480,489,
P000264 ,49,54,57,62,69,76,79,86,91,94,101,106,113,122,127,130,135,138,143,158,163,170,173,184,187,194,201,206,213,220,223,234,237,242,245,258,271,276,279,284,291,294,305,312,319,326,329,336,341,344,355,370,375,378,383,398,405,416,419,424,431,440,447,454,459,466,475,480,489,
P000265 ,54,57,62,69,76,79,86,91,94,101,106,113,122,127,130,135,138,143,158,163,170,173,184,187,194,201,206,213,220,223,234,237,242,245,258,271,276,279,284,291,294,305,312,319,326,329,336,341,344,355,370,375,378,383,398,405,416,419,424,431,440,447,454,459,466,475,480,489,
P000266 ,57,62,69,76,79,86,91,94,101,106,113,122,127,130,135,138,143,158,163,170,173,184,187,194,201,206,213,220,223,234,237,242,245,258,271,276,279,284,291,294,305,312,319,326,329,336,341,344,355,370,375,378,383,398,405,416,419,424,431,440,447,454,459,466,475,480,489,
P000267 ,62,69,76,79,86,91,94,101,106,113,122,127,130,135,138,143,158,163,170,173,184,187,194,201,206,213,220,223,234,237,242,245,258,271,276,279,284,291,294,305,312,319,326,329,336,341,344,355,370,375,378,383,398,405,416,419,424,431,440,447,454,459,466,475,480,489,
P000268 ,69,76,79,86,91,94,101,106,113,122,127,130,135,138,143,158,163,170,173,184,187,194,201,206,213,220,223,234,237,242,245,258,271,276,279,284,291,294,305,312,319,326,329,336,341,344,355,370,375,378,383,398,405,416,419,424,431,440,447,454,459,466,475,480,489,
P000269 ,76,79,86,91,94,101,106,113,122,127,130,135,138,143,158,163,170,173,184,187,194,201,206,213,220,223,234,237,242,245,258,271,276,279,284,291,294,305,312,319,326,329,336,341,344,355,370,375,378,383,398,405,416,419,424,431,440,447,454,459,466,475,480,489,
P000270 ,79,86,91,94,101,106,113,122,127,130,135,138,143,158,163,170,173,184,187,194,201,206,213,220,223,234,237,242,245,258,271,276,279,284,291,294,305,312,319,326,329,336,341,344,355,370,375,378,383,398,405,416,419,424,431,440,447,454,459,466,475,480,489,
P000271 ,86,91,94,101,106,113,122,127,130,135,138,143,158,163,170,173,184,187,194,201,206,213,220,223,234,237,242,245,258,271,276,279,284,291,294,305,312,319,326,329,336,341,344,355,370,375,378,383,398,405,416,419,424,431,440,447,454,459,466,475,480,489,
P000272 ,91,94,101,106,113,122,127,130,135,138,143,158,163,170,173,184,187,194,201,206,213,220,223,234,237,242,245,258,271,276,279,284,291,294,305,312,319,326,329,336,341,344,355,370,375,378,383,398,405,416,419,424,431,440,447,454,459,466,475,480,489,
P000273 ,94,101,106,113,122,127,130,135,138,143,158,163,170,173,184,187,194,201,206,213,220,223,234,237,242,245,258,271,276,279,284,291,294,305,312,319,326,329,336,341,344,355,370,375,378,383,398,405,416,419,424,431,440,447,454,459,466,475,480,489,
P000274 ,101,106,113,122,127,130,135,138,143,158,163,170,173,184,187,194,201,206,213,220,223,234,237,242,245,258,271,276,279,284,291,294,305,312,319,326,329,336,341,344,355,370,375,378,383,398,405,416,419,424,431,440,447,454,459,466,475,480,489,
P000275 ,106,113,122,127,130,135,138,143,158,163,170,173,184,187,194,201,206,213,220,223,234,237,242,245,258,271,276,279,284,291,294,305,312,319,326,329,336,341,344,355,370,375,378,383,398,405,416,419,424,431,440,447,454,459,466,475,480,489,
P000276 ,113,122,127,130,135,138,143,158,163,170,173,184,187,194,201,206,213,220,223,234,237,242,245,258,271,276,279,284,291,294,305,312,319,326,329,336,341,344,355,370,375,378,383,398,405,416,419,424,431,440,447,454,459,466,475,480,489,
P000277 ,122,127,130,135,138,143,158,163,170,173,184,187,194,201,206,213,220,223,234,237,242,245,258,271,276,279,284,291,294,305,312,319,326,329,336,341,344,355,370,375,378,383,398,405,416,419,424,431,440,447,454,459,466,475,480,489,
P000278 ,127,130,135,138,143,158,163,170,173,184,187,194,201,206,213,220,223,234,237,242,245,258,271,276,279,284,291,294,305,312,319,326,329,336,341,344,355,370,375,378,383,398,405,416,419,424,431,440,447,454,459,466,475,480,489,
P000279 ,130,135,138,143,158,163,170,173,184,187,194,201,206,213,220,223,234,237,242,245,258,271,276,279,284,291,294,305,312,319,326,329,336,341,344,355,370,375,378,383,398,405,416,419,424,431,440,447,454,459,466,475,480,489,
P000280 ,135,138,143,158,163,170,173,184,187,194,201,206,213,220,223,234,237,242,245,258,271,276,279,284,291,294,305,312,319,326,329,336,341,344,355,370,375,378,383,398,405,416,419,424,431,440,447,454,459,466,475,480,489,
P000281 ,138,143,158,163,170,173,184,187,194,201,206,213,220,223,234,237,242,245,258,271,276,279,284,291,294,305,312,319,326,329,336,341,344,355,370,375,378,383,398,405,416,419,424,431,440,447,454,459,466,475,480,489,
P000282 ,143,158,163,170,173,184,187,194,201,206,213,220,223,234,237,242,245,258,271,276,279,284,291,294,305,312,319,326,329,336,341,344,355,370,375,378,383,398,405,416,419,424,431,440,447,454,459,466,475,480,489,
P000283 ,158,163,170,173,184,187,194,201,206,213,220,223,234,237,242,245,258,271,276,279,284,291,294,305,312,319,326,329,336,341,344,355,370,375,378,383,398,405,416,419,424,431,440,447,454,459,466,475,480,489,
P000284 ,1,1,2,3,6,7,10,11,14,19,20,25,28,29,32,37,42,43,48,51,52,57,60,65,72,75,76,79,80,83,96,99,104,105,114,115,120,125,128,133,138,139,148,149,152,153,164,175,178,179,182,187,188,197,202,207,212,213,218,221,222,231,244,247,248,251,264,269,278,279,282,287,294,299,304,307,312,319,322,329,
P000285 ,1,2,3,6,7,10,11,14,19,20,25,28,29,32,37,42,43,48,51,52,57,60,65,72,75,76,79,80,83,96,99,104,105,114,115,120,125,128,133,138,139,148,149,152,153,164,175,178,179,182,187,188,197,202,207,212,213,218,221,222,231,244,247,248,251,264,269,278,279,282,287,294,299,304,307,312,319,322,329,
P000286 ,2,3,6,7,10,11,14,19,20,25,28,29,32,37,42,43,48,51,52,57,60,65,72,75,76,79,80,83,96,99,104,105,114,115,120,125,128,133,138,139,148,149,152,153,164,175,178,179,182,187,188,197,202,207,212,213,218,221,222,231,244,247,248,251,264,269,278,279,282,287,294,299,304,307,312,319,322,329,
P000287 ,3,6,7,10,11,14,19,20,25,28,29,32,37,42,43,48,51,52,57,60,65,72,75,76,79,80,83,96,99,104,105,114,115,120,125,128,133,138,139,148,149,152,153,164,175,178,179,182,187,188,197,202,207,212,213,218,221,222,231,244,247,248,251,264,269,278,279,282,287,294,299,304,307,312,319,322,329,
P000288 ,6,7,10,11,14,19,20,25,28,29,32,37,42,43,48,51,52,57,60,65,72,75,76,79,80,83,96,99,104,105,114,115,120,125,128,133,138,139,148,149,152,153,164,175,178,179,182,187,188,197,202,207,212,213,218,221,222,231,244,247,248,251,264,269,278,279,282,287,294,299,304,307,312,319,322,329,
P000289 ,7,10,11,14,19,20,25,28,29,32,37,42,43,48,51,52,57,60,65,72,75,76,79,80,83,96,99,104,105,114,115,120,125,128,133,138,139,148,149,152,153,164,175,178,179,182,187,188,197,202,207,212,213,218,221,222,231,244,247,248,251,264,269,278,279,282,287,294,299,304,307,312,319,322,329,
P000290 ,10,11,14,19,20,25,28,29,32,37,42,43,48,51,52,57,60,65,72,75,76,79,80,83,96,99,104,105,114,115,120,125,128,133,138,139,148,149,152,153,164,175,178,179,182,187,188,197,202,207,212,213,218,221,222,231,244,247,248,251,264,269,278,279,282,287,294,299,304,307,312,319,322,329,
P000291 ,11,14,19,20,25,28,29,32,37,42,43,48,51,52,57,60,65,72,75,76,79,80,83,96,99,104,105,114,115,120,125,128,133,138,139,148,149,152,153,164,175,178,179,182,187,188,197,202,207,212,213,218,221,222,231,244,247,248,251,264,269,278,279,282,287,294,299,304,307,312,319,322,329,
P000292 ,14,19,20,25,28,29,32,37,42,43,48,51,52,57,60,65,72,75,76,79,80,83,96,99,104,105,114,115,120,125,128,133,138,139,148,149,152,153,164,175,178,179,182,187,188,197,202,207,212,213,218,221,222,231,244,247,248,251,264,269,278,279,282,287,294,299,304,307,312,319,322,329,
P000293 ,19,20,25,28,29,32,37,42,43,48,51,52,57,60,65,72,75,76,79,80,83,96,99,104,105,114,115,120,125,128,133,138,139,148,149,152,153,164,175,178,179,182,187,188,197,202,207,212,213,218,221,222,231,244,247,248,251,264,269,278,279,282,287,294,299,304,307,312,319,322,329,
P000294 ,20,25,28,29,32,37,42,43,48,51,52,57,60,65,72,75,76,79,80,83,96,99,104,105,114,115,120,125,128,133,138,139,148,149,152,153,164,175,178,179,182,187,188,197,202,207,212,213,218,221,222,231,244,247,248,251,264,269,278,279,282,287,294,299,304,307,312,319,322,329,
P000295 ,25,28,29,32,37,42,43,48,51,52,57,60,65,72,75,76,79,80,83,96,99,104,105,114,115,120,125,128,133,138,139,148,149,152,153,164,175,178,179,182,187,188,197,202,207,212,213,218,221,222,231,244,247,248,251,264,269,278,279,282,287,294,299,304,307,312,319,322,329,
P000296 ,28,29,32,37,42,43,48,51,52,57,60,65,72,75,76,79,80,83,96,99,104,105,114,115,120,125,128,133,138,139,148,149,152,153,164,175,178,179,182,187,188,197,202,207,212,213,218,221,222,231,244,247,248,251,264,269,278,279,282,287,294,299,304,307,312,319,322,329,
P000297 ,29,32,37,42,43,48,51,52,57,60,65,72,75,76,79,80,83,96,99,104,105,114,115,120,125,128,133,138,139,148,149,152,153,164,175,178,179,182,187,188,197,202,207,212,213,218,221,222,231,244,247,248,251,264,269,278,279,282,287,294,299,304,307,312,319,322,329,
P000298 ,32,37,42,43,48,51,52,57,60,65,72,75,76,79,80,83,96,99,104,105,114,115,120,125,128,133,138,139,148,149,152,153,164,175,178,179,182,187,188,197,202,207,212,213,218,221,222,231,244,247,248,251,264,269,278,279,282,287,294,299,304,307,312,319,322,329,
P000299 ,37,42,43,48,51,52,57,60,65,72,75,76,79,80,83,96,99,104,105,114,115,120,125,128,133,138,139,148,149,152,153,164,175,178,179,182,187,188,197,202,207,212,213,218,221,222,231,244,247,248,251,264,269,278,279,282,287,294,299,304,307,312,319,322,329,
P000300 ,42,43,48,51,52,57,60,65,72,75,76,79,80,83,96,99,104,105,114,115,120,125,128,133,138,139,148,149,152,153,164,175,178,179,182,187,188,197,202,207,212,213,218,221,222,231,244,247,248,251,264,269,278,279,282,287,294,299,304,307,312,319,322,329,
P000301 ,43,48,51,52,57,60,65,72,75,76,79,80,83,96,99,104,105,114,115,120,125,128,133,138,139,148,149,152,153,164,175,178,179,182,187,188,197,202,207,212,213,218,221,222,231,244,247,248,251,264,269,278,279,282,287,294,299,304,307,312,319,322,329,
P000302 ,48,51,52,57,60,65,72,75,76,79,80,83,96,99,104,105,114,115,120,125,128,133,138,139,148,149,152,153,164,175,178,179,182,187,188,197,202,207,212,213,218,221,222,231,244,247,248,251,264,269,278,279,282,287,294,299,304,307,312,319,322,329,
P000303 ,51,52,57,60,65,72,75,76,79,80,83,96,99,104,105,114,115,120,125,128,133,138,139,148,149,152,153,164,175,178,179,182,187,188,197,202,207,212,213,218,221,222,231,244,247,248,251,264,269,278,279,282,287,294,299,304,307,312,319,322,329,
P000304 ,52,57,60,65,72,75,76,79,80,83,96,99,104,105,114,115,120,125,128,133,138,139,148,149,152,153,164,175,178,179,182,187,188,197,202,207,212,213,218,221,222,231,244,247,248,251,264,269,278,279,282,287,294,299,304,307,312,319,322,329,
P000305 ,57,60,65,72,75,76,79,80,83,96,99,104,105,114,115,120,125,128,133,138,139,148,149,152,153,164,175,178,179,182,187,188,197,202,207,212,213,218,221,222,231,244,247,248,251,264,269,278,279,282,287,294,299,304,307,312,319,322,329,
P000306 ,60,65,72,75,76,79,80,83,96,99,104,105,114,115,120,125,128,133,138,139,148,149,152,153,164,175,178,179,182,187,188,197,202,207,212,213,218,221,222,231,244,247,248,251,264,269,278,279,282,287,294,299,304,307,312,319,322,329,
P000307 ,65,72,75,76,79,80,83,96,99,104,105,114,115,120,125,128,133,138,139,148,149,152,153,164,175,178,179,182,187,188,197,202,207,212,213,218,221,222,231,244,247,248,251,264,269,278,279,282,287,294,299,304,307,312,319,322,329,
P000308 ,72,75,76,79,80,83,96,99,104,105,114,115,120,125,128,133,138,139,148,149,152,153,164,175,178,179,182,187,188,197,202,207,212,213,218,221,222,231,244,247,248,251,264,269,278,279,282,287,294,299,304,307,312,319,322,329,
P000309 ,75,76,79,80,83,96,99,104,105,114,115,120,125,128,133,138,139,148,149,152,153,164,175,178,179,182,187,188,197,202,207,212,213,218,221,222,231,244,247,248,251,264,269,278,279,282,287,294,299,304,307,312,319,322,329,
P000310 ,76,79,80,83,96,99,104,105,114,115,120,125,128,133,138,139,148,149,152,153,164,175,178,179,182,187,188,197,202,207,212,213,218,221,222,231,244,247,248,251,264,269,278,279,282,287,294,299,304,307,312,319,322,329,
P000311 ,79,80,83,96,99,104,105,114,115,120,125,128,133,138,139,148,149,152,153,164,175,178,179,182,187,188,197,202,207,212,213,218,221,222,231,244,247,248,251,264,269,278,279,282,287,294,299,304,307,312,319,322,329,
P000312 ,80,83,96,99,104,105,114,115,120,125,128,133,138,139,148,149,152,153,164,175,178,179,182,187,188,197,202,207,212,213,218,221,222,231,244,247,248,251,264,269,278,279,282,287,294,299,304,307,312,319,322,329,
P000313 ,83,96,99,104,105,114,115,120,125,128,133,138,139,148,149,152,153,164,175,178,179,182,187,188,197,202,207,212,213,218,221,222,231,244,247,248,251,264,269,278,279,282,287,294,299,304,307,312,319,322,329,
P000314 ,96,99,104,105,114,115,120,125,128,133,138,139,148,149,152,153,164,175,178,179,182,187,188,197,202,207,212,213,218,221,222,231,244,247,248,251,264,269,278,279,282,287,294,299,304,307,312,319,322,329,
P000315 ,2,5,10,17,28,41,58,77,100,129,160,197,238,281,328,381,440,501,568,639,712,791,874,963,1060,1161,1264,1371,1480,1593,1720,1851,1988,2127,2276,2427,2584,2747,2914,3087,3266,3447,3638,3831,4028,4227,4438,4661,4888,5117,5350,5589,5830,6081,6338,6601,6870,7141,7418,7699,7982,8275,8582,8893,9206,9523,9854,10191,10538,10887,11240,11599,11966,12339,12718,13101,13490,13887,14288,14697,
P000316 ,5,10,17,28,41,58,77,100,129,160,197,238,281,328,381,440,501,568,639,712,791,874,963,1060,1161,1264,1371,1480,1593,1720,1851,1988,2127,2276,2427,2584,2747,2914,3087,3266,3447,3638,3831,4028,4227,4438,4661,4888,5117,5350,5589,5830,6081,6338,6601,6870,7141,7418,7699,7982,8275,8582,8893,9206,9523,9854,10191,10538,10887,11240,11599,11966,12339,12718,13101,13490,13887,14288,14697,
P000317 ,10,17,28,41,58,77,100,129,160,197,238,281,328,381,440,501,568,639,712,791,874,963,1060,1161,1264,1371,1480,1593,1720,1851,1988,2127,2276,2427,2584,2747,2914,3087,3266,3447,3638,3831,4028,4227,4438,4661,4888,5117,5350,5589,5830,6081,6338,6601,6870,7141,7418,7699,7982,8275,8582,8893,9206,9523,9854,10191,10538,10887,11240,11599,11966,12339,12718,13101,13490,13887,14288,14697,
P000318 ,17,28,41,58,77,100,129,160,197,238,281,328,381,440,501,568,639,712,791,874,963,1060,1161,1264,1371,1480,1593,1720,1851,1988,2127,2276,2427,2584,2747,2914,3087,3266,3447,3638,3831,4028,4227,4438,4661,4888,5117,5350,5589,5830,6081,6338,6601,6870,7141,7418,7699,7982,8275,8582,8893,9206,9523,9854,10191,10538,10887,11240,11599,11966,12339,12718,13101,13490,13887,14288,14697,
P000319 ,28,41,58,77,100,129,160,197,238,281,328,381,440,501,568,639,712,791,874,963,1060,1161,1264,1371,1480,1593,1720,1851,1988,2127,2276,2427,2584,2747,2914,3087,3266,3447,3638,3831,4028,4227,4438,4661,4888,5117,5350,5589,5830,6081,6338,6601,6870,7141,7418,7699,7982,8275,8582,8893,9206,9523,9854,10191,10538,10887,11240,11599,11966,12339,12718,13101,13490,13887,14288,14697,
P000320 ,41,58,77,100,129,160,197,238,281,328,381,440,501,568,639,712,791,874,963,1060,1161,1264,1371,1480,1593,1720,1851,1988,2127,2276,2427,2584,2747,2914,3087,3266,3447,3638,3831,4028,4227,4438,4661,4888,5117,5350,5589,5830,6081,6338,6601,6870,7141,7418,7699,7982,8275,8582,8893,9206,9523,9854,10191,10538,10887,11240,11599,11966,12339,12718,13101,13490,13887,14288,14697,
P000321 ,58,77,100,129,160,197,238,281,328,381,440,501,568,639,712,791,874,963,1060,1161,1264,1371,1480,1593,1720,1851,1988,2127,2276,2427,2584,2747,2914,3087,3266,3447,3638,3831,4028,4227,4438,4661,4888,5117,5350,5589,5830,6081,6338,6601,6870,7141,7418,7699,7982,8275,8582,8893,9206,9523,9854,10191,10538,10887,11240,11599,11966,12339,12718,13101,13490,13887,14288,14697,
P000322 ,77,100,129,160,197,238,281,328,381,440,501,568,639,712,791,874,963,1060,1161,1264,1371,1480,1593,1720,1851,1988,2127,2276,2427,2584,2747,2914,3087,3266,3447,3638,3831,4028,4227,4438,4661,4888,5117,5350,5589,5830,6081,6338,6601,6870,7141,7418,7699,7982,8275,8582,8893,9206,9523,9854,10191,10538,10887,11240,11599,11966,12339,12718,13101,13490,13887,14288,14697,
P000323 ,100,129,160,197,238,281,328,381,440,501,568,639,712,791,874,963,1060,1161,1264,1371,1480,1593,1720,1851,1988,2127,2276,2427,2584,2747,2914,3087,3266,3447,3638,3831,4028,4227,4438,4661,4888,5117,5350,5589,5830,6081,6338,6601,6870,7141,7418,7699,7982,8275,8582,8893,9206,9523,9854,10191,10538,10887,11240,11599,11966,12339,12718,13101,13490,13887,14288,14697,
P000324 ,129,160,197,238,281,328,381,440,501,568,639,712,791,874,963,1060,1161,1264,1371,1480,1593,1720,1851,1988,2127,2276,2427,2584,2747,2914,3087,3266,3447,3638,3831,4028,4227,4438,4661,4888,5117,5350,5589,5830,6081,6338,6601,6870,7141,7418,7699,7982,8275,8582,8893,9206,9523,9854,10191,10538,10887,11240,11599,11966,12339,12718,13101,13490,13887,14288,14697,
P000325 ,160,197,238,281,328,381,440,501,568,639,712,791,874,963,1060,1161,1264,1371,1480,1593,1720,1851,1988,2127,2276,2427,2584,2747,2914,3087,3266,3447,3638,3831,4028,4227,4438,4661,4888,5117,5350,5589,5830,6081,6338,6601,6870,7141,7418,7699,7982,8275,8582,8893,9206,9523,9854,10191,10538,10887,11240,11599,11966,12339,12718,13101,13490,13887,14288,14697,
P000326 ,197,238,281,328,381,440,501,568,639,712,791,874,963,1060,1161,1264,1371,1480,1593,1720,1851,1988,2127,2276,2427,2584,2747,2914,3087,3266,3447,3638,3831,4028,4227,4438,4661,4888,5117,5350,5589,5830,6081,6338,6601,6870,7141,7418,7699,7982,8275,8582,8893,9206,9523,9854,10191,10538,10887,11240,11599,11966,12339,12718,13101,13490,13887,14288,14697,
P000327 ,238,281,328,381,440,501,568,639,712,791,874,963,1060,1161,1264,1371,1480,1593,1720,1851,1988,2127,2276,2427,2584,2747,2914,3087,3266,3447,3638,3831,4028,4227,4438,4661,4888,5117,5350,5589,5830,6081,6338,6601,6870,7141,7418,7699,7982,8275,8582,8893,9206,9523,9854,10191,10538,10887,11240,11599,11966,12339,12718,13101,13490,13887,14288,14697,
P000328 ,281,328,381,440,501,568,639,712,791,874,963,1060,1161,1264,1371,1480,1593,1720,1851,1988,2127,2276,2427,2584,2747,2914,3087,3266,3447,3638,3831,4028,4227,4438,4661,4888,5117,5350,5589,5830,6081,6338,6601,6870,7141,7418,7699,7982,8275,8582,8893,9206,9523,9854,10191,10538,10887,11240,11599,11966,12339,12718,13101,13490,13887,14288,14697,
P000329 ,328,381,440,501,568,639,712,791,874,963,1060,1161,1264,1371,1480,1593,1720,1851,1988,2127,2276,2427,2584,2747,2914,3087,3266,3447,3638,3831,4028,4227,4438,4661,4888,5117,5350,5589,5830,6081,6338,6601,6870,7141,7418,7699,7982,8275,8582,8893,9206,9523,9854,10191,10538,10887,11240,11599,11966,12339,12718,13101,13490,13887,14288,14697,
P000330 ,381,440,501,568,639,712,791,874,963,1060,1161,1264,1371,1480,1593,1720,1851,1988,2127,2276,2427,2584,2747,2914,3087,3266,3447,3638,3831,4028,4227,4438,4661,4888,5117,5350,5589,5830,6081,6338,6601,6870,7141,7418,7699,7982,8275,8582,8893,9206,9523,9854,10191,10538,10887,11240,11599,11966,12339,12718,13101,13490,13887,14288,14697,
P000331 ,440,501,568,639,712,791,874,963,1060,1161,1264,1371,1480,1593,1720,1851,1988,2127,2276,2427,2584,2747,2914,3087,3266,3447,3638,3831,4028,4227,4438,4661,4888,5117,5350,5589,5830,6081,6338,6601,6870,7141,7418,7699,7982,8275,8582,8893,9206,9523,9854,10191,10538,10887,11240,11599,11966,12339,12718,13101,13490,13887,14288,14697,
P000332 ,501,568,639,712,791,874,963,1060,1161,1264,1371,1480,1593,1720,1851,1988,2127,2276,2427,2584,2747,2914,3087,3266,3447,3638,3831,4028,4227,4438,4661,4888,5117,5350,5589,5830,6081,6338,6601,6870,7141,7418,7699,7982,8275,8582,8893,9206,9523,9854,10191,10538,10887,11240,11599,11966,12339,12718,13101,13490,13887,14288,14697,
P000333 ,568,639,712,791,874,963,1060,1161,1264,1371,1480,1593,1720,1851,1988,2127,2276,2427,2584,2747,2914,3087,3266,3447,3638,3831,4028,4227,4438,4661,4888,5117,5350,5589,5830,6081,6338,6601,6870,7141,7418,7699,7982,8275,8582,8893,9206,9523,9854,10191,10538,10887,11240,11599,11966,12339,12718,13101,13490,13887,14288,14697,
P000334 ,639,712,791,874,963,1060,1161,1264,1371,1480,1593,1720,1851,1988,2127,2276,2427,2584,2747,2914,3087,3266,3447,3638,3831,4028,4227,4438,4661,4888,5117,5350,5589,5830,6081,6338,6601,6870,7141,7418,7699,7982,8275,8582,8893,9206,9523,9854,10191,10538,10887,11240,11599,11966,12339,12718,13101,13490,13887,14288,14697,
P000335 ,712,791,874,963,1060,1161,1264,1371,1480,1593,1720,1851,1988,2127,2276,2427,2584,2747,2914,3087,3266,3447,3638,3831,4028,4227,4438,4661,4888,5117,5350,5589,5830,6081,6338,6601,6870,7141,7418,7699,7982,8275,8582,8893,9206,9523,9854,10191,10538,10887,11240,11599,11966,12339,12718,13101,13490,13887,14288,14697,
P000336 ,791,874,963,1060,1161,1264,1371,1480,1593,1720,1851,1988,2127,2276,2427,2584,2747,2914,3087,3266,3447,3638,3831,4028,4227,4438,4661,4888,5117,5350,5589,5830,6081,6338,6601,6870,7141,7418,7699,7982,8275,8582,8893,9206,9523,9854,10191,10538,10887,11240,11599,11966,12339,12718,13101,13490,13887,14288,14697,
P000337 ,874,963,1060,1161,1264,1371,1480,1593,1720,1851,1988,2127,2276,2427,2584,2747,2914,3087,3266,3447,3638,3831,4028,4227,4438,4661,4888,5117,5350,5589,5830,6081,6338,6601,6870,7141,7418,7699,7982,8275,8582,8893,9206,9523,9854,10191,10538,10887,11240,11599,11966,12339,12718,13101,13490,13887,14288,14697,
P000338 ,963,1060,1161,1264,1371,1480,1593,1720,1851,1988,2127,2276,2427,2584,2747,2914,3087,3266,3447,3638,3831,4028,4227,4438,4661,4888,5117,5350,5589,5830,6081,6338,6601,6870,7141,7418,7699,7982,8275,8582,8893,9206,9523,9854,10191,10538,10887,11240,11599,11966,12339,12718,13101,13490,13887,14288,14697,
P000339 ,1060,1161,1264,1371,1480,1593,1720,1851,1988,2127,2276,2427,2584,2747,2914,3087,3266,3447,3638,3831,4028,4227,4438,4661,4888,5117,5350,5589,5830,6081,6338,6601,6870,7141,7418,7699,7982,8275,8582,8893,9206,9523,9854,10191,10538,10887,11240,11599,11966,12339,12718,13101,13490,13887,14288,14697,
P000340 ,1161,1264,1371,1480,1593,1720,1851,1988,2127,2276,2427,2584,2747,2914,3087,3266,3447,3638,3831,4028,4227,4438,4661,4888,5117,5350,5589,5830,6081,6338,6601,6870,7141,7418,7699,7982,8275,8582,8893,9206,9523,9854,10191,10538,10887,11240,11599,11966,12339,12718,13101,13490,13887,14288,14697,
P000341 ,1264,1371,1480,1593,1720,1851,1988,2127,2276,2427,2584,2747,2914,3087,3266,3447,3638,3831,4028,4227,4438,4661,4888,5117,5350,5589,5830,6081,6338,6601,6870,7141,7418,7699,7982,8275,8582,8893,9206,9523,9854,10191,10538,10887,11240,11599,11966,12339,12718,13101,13490,13887,14288,14697,
P000342 ,1371,1480,1593,1720,1851,1988,2127,2276,2427,2584,2747,2914,3087,3266,3447,3638,3831,4028,4227,4438,4661,4888,5117,5350,5589,5830,6081,6338,6601,6870,7141,7418,7699,7982,8275,8582,8893,9206,9523,9854,10191,10538,10887,11240,11599,11966,12339,12718,13101,13490,13887,14288,14697,
P000343 ,1480,1593,1720,1851,1988,2127,2276,2427,2584,2747,2914,3087,3266,3447,3638,3831,4028,4227,4438,4661,4888,5117,5350,5589,5830,6081,6338,6601,6870,7141,7418,7699,7982,8275,8582,8893,9206,9523,9854,10191,10538,10887,11240,11599,11966,12339,12718,13101,13490,13887,14288,14697,
P000344 ,1593,1720,1851,1988,2127,2276,2427,2584,2747,2914,3087,3266,3447,3638,3831,4028,4227,4438,4661,4888,5117,5350,5589,5830,6081,6338,6601,6870,7141,7418,7699,7982,8275,8582,8893,9206,9523,9854,10191,10538,10887,11240,11599,11966,12339,12718,13101,13490,13887,14288,14697,
P000345 ,1720,1851,1988,2127,2276,2427,2584,2747,2914,3087,3266,3447,3638,3831,4028,4227,4438,4661,4888,5117,5350,5589,5830,6081,6338,6601,6870,7141,7418,7699,7982,8275,8582,8893,9206,9523,9854,10191,10538,10887,11240,11599,11966,12339,12718,13101,13490,13887,14288,14697,
P000346 ,2,-3,5,-7,11,-13,17,-19,23,-29,31,-37,41,-43,47,-53,59,-61,67,-71,73,-79,83,-89,97,-101,103,-107,109,-113,127,-131,137,-139,149,-151,157,-163,167,-173,179,-181,191,-193,197,-199,211,-223,227,-229,233,-239,241,-251,257,-263,269,-271,277,-281,283,-293,307,-311,313,-317,331,-337,347,-349,353,-359,367,-373,379,-383,389,-397,401,-409,
P000347 ,-3,5,-7,11,-13,17,-19,23,-29,31,-37,41,-43,47,-53,59,-61,67,-71,73,-79,83,-89,97,-101,103,-107,109,-113,127,-131,137,-139,149,-151,157,-163,167,-173,179,-181,191,-193,197,-199,211,-223,227,-229,233,-239,241,-251,257,-263,269,-271,277,-281,283,-293,307,-311,313,-317,331,-337,347,-349,353,-359,367,-373,379,-383,389,-397,401,-409,
P000348 ,5,-7,11,-13,17,-19,23,-29,31,-37,41,-43,47,-53,59,-61,67,-71,73,-79,83,-89,97,-101,103,-107,109,-113,127,-131,137,-139,149,-151,157,-163,167,-173,179,-181,191,-193,197,-199,211,-223,227,-229,233,-239,241,-251,257,-263,269,-271,277,-281,283,-293,307,-311,313,-317,331,-337,347,-349,353,-359,367,-373,379,-383,389,-397,401,-409,
P000349 ,-7,11,-13,17,-19,23,-29,31,-37,41,-43,47,-53,59,-61,67,-71,73,-79,83,-89,97,-101,103,-107,109,-113,127,-131,137,-139,149,-151,157,-163,167,-173,179,-181,191,-193,197,-199,211,-223,227,-229,233,-239,241,-251,257,-263,269,-271,277,-281,283,-293,307,-311,313,-317,331,-337,347,-349,353,-359,367,-373,379,-383,389,-397,401,-409,
P000350 ,11,-13,17,-19,23,-29,31,-37,41,-43,47,-53,59,-61,67,-71,73,-79,83,-89,97,-101,103,-107,109,-113,127,-131,137,-139,149,-151,157,-163,167,-173,179,-181,191,-193,197,-199,211,-223,227,-229,233,-239,241,-251,257,-263,269,-271,277,-281,283,-293,307,-311,313,-317,331,-337,347,-349,353,-359,367,-373,379,-383,389,-397,401,-409,
P000351 ,-13,17,-19,23,-29,31,-37,41,-43,47,-53,59,-61,67,-71,73,-79,83,-89,97,-101,103,-107,109,-113,127,-131,137,-139,149,-151,157,-163,167,-173,179,-181,191,-193,197,-199,211,-223,227,-229,233,-239,241,-251,257,-263,269,-271,277,-281,283,-293,307,-311,313,-317,331,-337,347,-349,353,-359,367,-373,379,-383,389,-397,401,-409,
P000352 ,17,-19,23,-29,31,-37,41,-43,47,-53,59,-61,67,-71,73,-79,83,-89,97,-101,103,-107,109,-113,127,-131,137,-139,149,-151,157,-163,167,-173,179,-181,191,-193,197,-199,211,-223,227,-229,233,-239,241,-251,257,-263,269,-271,277,-281,283,-293,307,-311,313,-317,331,-337,347,-349,353,-359,367,-373,379,-383,389,-397,401,-409,
P000353 ,-19,23,-29,31,-37,41,-43,47,-53,59,-61,67,-71,73,-79,83,-89,97,-101,103,-107,109,-113,127,-131,137,-139,149,-151,157,-163,167,-173,179,-181,191,-193,197,-199,211,-223,227,-229,233,-239,241,-251,257,-263,269,-271,277,-281,283,-293,307,-311,313,-317,331,-337,347,-349,353,-359,367,-373,379,-383,389,-397,401,-409,
P000354 ,23,-29,31,-37,41,-43,47,-53,59,-61,67,-71,73,-79,83,-89,97,-101,103,-107,109,-113,127,-131,137,-139,149,-151,157,-163,167,-173,179,-181,191,-193,197,-199,211,-223,227,-229,233,-239,241,-251,257,-263,269,-271,277,-281,283,-293,307,-311,313,-317,331,-337,347,-349,353,-359,367,-373,379,-383,389,-397,401,-409,
P000355 ,-29,31,-37,41,-43,47,-53,59,-61,67,-71,73,-79,83,-89,97,-101,103,-107,109,-113,127,-131,137,-139,149,-151,157,-163,167,-173,179,-181,191,-193,197,-199,211,-223,227,-229,233,-239,241,-251,257,-263,269,-271,277,-281,283,-293,307,-311,313,-317,331,-337,347,-349,353,-359,367,-373,379,-383,389,-397,401,-409,
P000356 ,31,-37,41,-43,47,-53,59,-61,67,-71,73,-79,83,-89,97,-101,103,-107,109,-113,127,-131,137,-139,149,-151,157,-163,167,-173,179,-181,191,-193,197,-199,211,-223,227,-229,233,-239,241,-251,257,-263,269,-271,277,-281,283,-293,307,-311,313,-317,331,-337,347,-349,353,-359,367,-373,379,-383,389,-397,401,-409,
P000357 ,-37,41,-43,47,-53,59,-61,67,-71,73,-79,83,-89,97,-101,103,-107,109,-113,127,-131,137,-139,149,-151,157,-163,167,-173,179,-181,191,-193,197,-199,211,-223,227,-229,233,-239,241,-251,257,-263,269,-271,277,-281,283,-293,307,-311,313,-317,331,-337,347,-349,353,-359,367,-373,379,-383,389,-397,401,-409,
P000358 ,41,-43,47,-53,59,-61,67,-71,73,-79,83,-89,97,-101,103,-107,109,-113,127,-131,137,-139,149,-151,157,-163,167,-173,179,-181,191,-193,197,-199,211,-223,227,-229,233,-239,241,-251,257,-263,269,-271,277,-281,283,-293,307,-311,313,-317,331,-337,347,-349,353,-359,367,-373,379,-383,389,-397,401,-409,
P000359 ,-43,47,-53,59,-61,67,-71,73,-79,83,-89,97,-101,103,-107,109,-113,127,-131,137,-139,149,-151,157,-163,167,-173,179,-181,191,-193,197,-199,211,-223,227,-229,233,-239,241,-251,257,-263,269,-271,277,-281,283,-293,307,-311,313,-317,331,-337,347,-349,353,-359,367,-373,379,-383,389,-397,401,-409,
P000360 ,47,-53,59,-61,67,-71,73,-79,83,-89,97,-101,103,-107,109,-113,127,-131,137,-139,149,-151,157,-163,167,-173,179,-181,191,-193,197,-199,211,-223,227,-229,233,-239,241,-251,257,-263,269,-271,277,-281,283,-293,307,-311,313,-317,331,-337,347,-349,353,-359,367,-373,379,-383,389,-397,401,-409,
P000361 ,-53,59,-61,67,-71,73,-79,83,-89,97,-101,103,-107,109,-113,127,-131,137,-139,149,-151,157,-163,167,-173,179,-181,191,-193,197,-199,211,-223,227,-229,233,-239,241,-251,257,-263,269,-271,277,-281,283,-293,307,-311,313,-317,331,-337,347,-349,353,-359,367,-373,379,-383,389,-397,401,-409,
P000362 ,59,-61,67,-71,73,-79,83,-89,97,-101,103,-107,109,-113,127,-131,137,-139,149,-151,157,-163,167,-173,179,-181,191,-193,197,-199,211,-223,227,-229,233,-239,241,-251,257,-263,269,-271,277,-281,283,-293,307,-311,313,-317,331,-337,347,-349,353,-359,367,-373,379,-383,389,-397,401,-409,
P000363 ,-61,67,-71,73,-79,83,-89,97,-101,103,-107,109,-113,127,-131,137,-139,149,-151,157,-163,167,-173,179,-181,191,-193,197,-199,211,-223,227,-229,233,-239,241,-251,257,-263,269,-271,277,-281,283,-293,307,-311,313,-317,331,-337,347,-349,353,-359,367,-373,379,-383,389,-397,401,-409,
P000364 ,67,-71,73,-79,83,-89,97,-101,103,-107,109,-113,127,-131,137,-139,149,-151,157,-163,167,-173,179,-181,191,-193,197,-199,211,-223,227,-229,233,-239,241,-251,257,-263,269,-271,277,-281,283,-293,307,-311,313,-317,331,-337,347,-349,353,-359,367,-373,379,-383,389,-397,401,-409,
P000365 ,-71,73,-79,83,-89,97,-101,103,-107,109,-113,127,-131,137,-139,149,-151,157,-163,167,-173,179,-181,191,-193,197,-199,211,-223,227,-229,233,-239,241,-251,257,-263,269,-271,277,-281,283,-293,307,-311,313,-317,331,-337,347,-349,353,-359,367,-373,379,-383,389,-397,401,-409,
P000366 ,73,-79,83,-89,97,-101,103,-107,109,-113,127,-131,137,-139,149,-151,157,-163,167,-173,179,-181,191,-193,197,-199,211,-223,227,-229,233,-239,241,-251,257,-263,269,-271,277,-281,283,-293,307,-311,313,-317,331,-337,347,-349,353,-359,367,-373,379,-383,389,-397,401,-409,
P000367 ,-79,83,-89,97,-101,103,-107,109,-113,127,-131,137,-139,149,-151,157,-163,167,-173,179,-181,191,-193,197,-199,211,-223,227,-229,233,-239,241,-251,257,-263,269,-271,277,-281,283,-293,307,-311,313,-317,331,-337,347,-349,353,-359,367,-373,379,-383,389,-397,401,-409,
P000368 ,83,-89,97,-101,103,-107,109,-113,127,-131,137,-139,149,-151,157,-163,167,-173,179,-181,191,-193,197,-199,211,-223,227,-229,233,-239,241,-251,257,-263,269,-271,277,-281,283,-293,307,-311,313,-317,331,-337,347,-349,353,-359,367,-373,379,-383,389,-397,401,-409,
P000369 ,-89,97,-101,103,-107,109,-113,127,-131,137,-139,149,-151,157,-163,167,-173,179,-181,191,-193,197,-199,211,-223,227,-229,233,-239,241,-251,257,-263,269,-271,277,-281,283,-293,307,-311,313,-317,331,-337,347,-349,353,-359,367,-373,379,-383,389,-397,401,-409,
P000370 ,97,-101,103,-107,109,-113,127,-131,137,-139,149,-151,157,-163,167,-173,179,-181,191,-193,197,-199,211,-223,227,-229,233,-239,241,-251,257,-263,269,-271,277,-281,283,-293,307,-311,313,-317,331,-337,347,-349,353,-359,367,-373,379,-383,389,-397,401,-409,
P000371 ,-101,103,-107,109,-113,127,-131,137,-139,149,-151,157,-163,167,-173,179,-181,191,-193,197,-199,211,-223,227,-229,233,-239,241,-251,257,-263,269,-271,277,-281,283,-293,307,-311,313,-317,331,-337,347,-349,353,-359,367,-373,379,-383,389,-397,401,-409,
P000372 ,103,-107,109,-113,127,-131,137,-139,149,-151,157,-163,167,-173,179,-181,191,-193,197,-199,211,-223,227,-229,233,-239,241,-251,257,-263,269,-271,277,-281,283,-293,307,-311,313,-317,331,-337,347,-349,353,-359,367,-373,379,-383,389,-397,401,-409,
P000373 ,-107,109,-113,127,-131,137,-139,149,-151,157,-163,167,-173,179,-181,191,-193,197,-199,211,-223,227,-229,233,-239,241,-251,257,-263,269,-271,277,-281,283,-293,307,-311,313,-317,331,-337,347,-349,353,-359,367,-373,379,-383,389,-397,401,-409,
P000374 ,109,-113,127,-131,137,-139,149,-151,157,-163,167,-173,179,-181,191,-193,197,-199,211,-223,227,-229,233,-239,241,-251,257,-263,269,-271,277,-281,283,-293,307,-311,313,-317,331,-337,347,-349,353,-359,367,-373,379,-383,389,-397,401,-409,
P000375 ,-113,127,-131,137,-139,149,-151,157,-163,167,-173,179,-181,191,-193,197,-199,211,-223,227,-229,233,-239,241,-251,257,-263,269,-271,277,-281,283,-293,307,-311,313,-317,331,-337,347,-349,353,-359,367,-373,379,-383,389,-397,401,-409,
P000376 ,127,-131,137,-139,149,-151,157,-163,167,-173,179,-181,191,-193,197,-199,211,-223,227,-229,233,-239,241,-251,257,-263,269,-271,277,-281,283,-293,307,-311,313,-317,331,-337,347,-349,353,-359,367,-373,379,-383,389,-397,401,-409,
P000377 ,2,1,3,2,5,2,7,4,11,2,13,4,17,2,19,4,23,6,29,2,31,6,37,4,41,2,43,4,47,6,53,6,59,2,61,6,67,4,71,2,73,6,79,4,83,6,89,8,97,4,101,2,103,4,107,2,109,4,113,14,127,4,131,6,137,2,139,10,149,2,151,6,157,6,163,4,167,6,173,6,
P000378 ,1,3,2,5,2,7,4,11,2,13,4,17,2,19,4,23,6,29,2,31,6,37,4,41,2,43,4,47,6,53,6,59,2,61,6,67,4,71,2,73,6,79,4,83,6,89,8,97,4,101,2,103,4,107,2,109,4,113,14,127,4,131,6,137,2,139,10,149,2,151,6,157,6,163,4,167,6,173,6,
P000379 ,3,2,5,2,7,4,11,2,13,4,17,2,19,4,23,6,29,2,31,6,37,4,41,2,43,4,47,6,53,6,59,2,61,6,67,4,71,2,73,6,79,4,83,6,89,8,97,4,101,2,103,4,107,2,109,4,113,14,127,4,131,6,137,2,139,10,149,2,151,6,157,6,163,4,167,6,173,6,
P000380 ,2,5,2,7,4,11,2,13,4,17,2,19,4,23,6,29,2,31,6,37,4,41,2,43,4,47,6,53,6,59,2,61,6,67,4,71,2,73,6,79,4,83,6,89,8,97,4,101,2,103,4,107,2,109,4,113,14,127,4,131,6,137,2,139,10,149,2,151,6,157,6,163,4,167,6,173,6,
P000381 ,5,2,7,4,11,2,13,4,17,2,19,4,23,6,29,2,31,6,37,4,41,2,43,4,47,6,53,6,59,2,61,6,67,4,71,2,73,6,79,4,83,6,89,8,97,4,101,2,103,4,107,2,109,4,113,14,127,4,131,6,137,2,139,10,149,2,151,6,157,6,163,4,167,6,173,6,
P000382 ,2,7,4,11,2,13,4,17,2,19,4,23,6,29,2,31,6,37,4,41,2,43,4,47,6,53,6,59,2,61,6,67,4,71,2,73,6,79,4,83,6,89,8,97,4,101,2,103,4,107,2,109,4,113,14,127,4,131,6,137,2,139,10,149,2,151,6,157,6,163,4,167,6,173,6,
P000383 ,7,4,11,2,13,4,17,2,19,4,23,6,29,2,31,6,37,4,41,2,43,4,47,6,53,6,59,2,61,6,67,4,71,2,73,6,79,4,83,6,89,8,97,4,101,2,103,4,107,2,109,4,113,14,127,4,131,6,137,2,139,10,149,2,151,6,157,6,163,4,167,6,173,6,
P000384 ,4,11,2,13,4,17,2,19,4,23,6,29,2,31,6,37,4,41,2,43,4,47,6,53,6,59,2,61,6,67,4,71,2,73,6,79,4,83,6,89,8,97,4,101,2,103,4,107,2,109,4,113,14,127,4,131,6,137,2,139,10,149,2,151,6,157,6,163,4,167,6,173,6,
P000385 ,11,2,13,4,17,2,19,4,23,6,29,2,31,6,37,4,41,2,43,4,47,6,53,6,59,2,61,6,67,4,71,2,73,6,79,4,83,6,89,8,97,4,101,2,103,4,107,2,109,4,113,14,127,4,131,6,137,2,139,10,149,2,151,6,157,6,163,4,167,6,173,6,
P000386 ,2,13,4,17,2,19,4,23,6,29,2,31,6,37,4,41,2,43,4,47,6,53,6,59,2,61,6,67,4,71,2,73,6,79,4,83,6,89,8,97,4,101,2,103,4,107,2,109,4,113,14,127,4,131,6,137,2,139,10,149,2,151,6,157,6,163,4,167,6,173,6,
P000387 ,13,4,17,2,19,4,23,6,29,2,31,6,37,4,41,2,43,4,47,6,53,6,59,2,61,6,67,4,71,2,73,6,79,4,83,6,89,8,97,4,101,2,103,4,107,2,109,4,113,14,127,4,131,6,137,2,139,10,149,2,151,6,157,6,163,4,167,6,173,6,
P000388 ,4,17,2,19,4,23,6,29,2,31,6,37,4,41,2,43,4,47,6,53,6,59,2,61,6,67,4,71,2,73,6,79,4,83,6,89,8,97,4,101,2,103,4,107,2,109,4,113,14,127,4,131,6,137,2,139,10,149,2,151,6,157,6,163,4,167,6,173,6,
P000389 ,17,2,19,4,23,6,29,2,31,6,37,4,41,2,43,4,47,6,53,6,59,2,61,6,67,4,71,2,73,6,79,4,83,6,89,8,97,4,101,2,103,4,107,2,109,4,113,14,127,4,131,6,137,2,139,10,149,2,151,6,157,6,163,4,167,6,173,6,
P000390 ,2,19,4,23,6,29,2,31,6,37,4,41,2,43,4,47,6,53,6,59,2,61,6,67,4,71,2,73,6,79,4,83,6,89,8,97,4,101,2,103,4,107,2,109,4,113,14,127,4,131,6,137,2,139,10,149,2,151,6,157,6,163,4,167,6,173,6,
P000391 ,19,4,23,6,29,2,31,6,37,4,41,2,43,4,47,6,53,6,59,2,61,6,67,4,71,2,73,6,79,4,83,6,89,8,97,4,101,2,103,4,107,2,109,4,113,14,127,4,131,6,137,2,139,10,149,2,151,6,157,6,163,4,167,6,173,6,
P000392 ,4,23,6,29,2,31,6,37,4,41,2,43,4,47,6,53,6,59,2,61,6,67,4,71,2,73,6,79,4,83,6,89,8,97,4,101,2,103,4,107,2,109,4,113,14,127,4,131,6,137,2,139,10,149,2,151,6,157,6,163,4,167,6,173,6,
P000393 ,23,6,29,2,31,6,37,4,41,2,43,4,47,6,53,6,59,2,61,6,67,4,71,2,73,6,79,4,83,6,89,8,97,4,101,2,103,4,107,2,109,4,113,14,127,4,131,6,137,2,139,10,149,2,151,6,157,6,163,4,167,6,173,6,
P000394 ,6,29,2,31,6,37,4,41,2,43,4,47,6,53,6,59,2,61,6,67,4,71,2,73,6,79,4,83,6,89,8,97,4,101,2,103,4,107,2,109,4,113,14,127,4,131,6,137,2,139,10,149,2,151,6,157,6,163,4,167,6,173,6,
P000395 ,29,2,31,6,37,4,41,2,43,4,47,6,53,6,59,2,61,6,67,4,71,2,73,6,79,4,83,6,89,8,97,4,101,2,103,4,107,2,109,4,113,14,127,4,131,6,137,2,139,10,149,2,151,6,157,6,163,4,167,6,173,6,
P000396 ,2,31,6,37,4,41,2,43,4,47,6,53,6,59,2,61,6,67,4,71,2,73,6,79,4,83,6,89,8,97,4,101,2,103,4,107,2,109,4,113,14,127,4,131,6,137,2,139,10,149,2,151,6,157,6,163,4,167,6,173,6,
P000397 ,31,6,37,4,41,2,43,4,47,6,53,6,59,2,61,6,67,4,71,2,73,6,79,4,83,6,89,8,97,4,101,2,103,4,107,2,109,4,113,14,127,4,131,6,137,2,139,10,149,2,151,6,157,6,163,4,167,6,173,6,
P000398 ,6,37,4,41,2,43,4,47,6,53,6,59,2,61,6,67,4,71,2,73,6,79,4,83,6,89,8,97,4,101,2,103,4,107,2,109,4,113,14,127,4,131,6,137,2,139,10,149,2,151,6,157,6,163,4,167,6,173,6,
P000399 ,37,4,41,2,43,4,47,6,53,6,59,2,61,6,67,4,71,2,73,6,79,4,83,6,89,8,97,4,101,2,103,4,107,2,109,4,113,14,127,4,131,6,137,2,139,10,149,2,151,6,157,6,163,4,167,6,173,6,
P000400 ,4,41,2,43,4,47,6,53,6,59,2,61,6,67,4,71,2,73,6,79,4,83,6,89,8,97,4,101,2,103,4,107,2,109,4,113,14,127,4,131,6,137,2,139,10,149,2,151,6,157,6,163,4,167,6,173,6,
P000401 ,41,2,43,4,47,6,53,6,59,2,61,6,67,4,71,2,73,6,79,4,83,6,89,8,97,4,101,2,103,4,107,2,109,4,113,14,127,4,131,6,137,2,139,10,149,2,151,6,157,6,163,4,167,6,173,6,
P000402 ,2,43,4,47,6,53,6,59,2,61,6,67,4,71,2,73,6,79,4,83,6,89,8,97,4,101,2,103,4,107,2,109,4,113,14,127,4,131,6,137,2,139,10,149,2,151,6,157,6,163,4,167,6,173,6,
P000403 ,43,4,47,6,53,6,59,2,61,6,67,4,71,2,73,6,79,4,83,6,89,8,97,4,101,2,103,4,107,2,109,4,113,14,127,4,131,6,137,2,139,10,149,2,151,6,157,6,163,4,167,6,173,6,
P000404 ,4,47,6,53,6,59,2,61,6,67,4,71,2,73,6,79,4,83,6,89,8,97,4,101,2,103,4,107,2,109,4,113,14,127,4,131,6,137,2,139,10,149,2,151,6,157,6,163,4,167,6,173,6,
P000405 ,47,6,53,6,59,2,61,6,67,4,71,2,73,6,79,4,83,6,89,8,97,4,101,2,103,4,107,2,109,4,113,14,127,4,131,6,137,2,139,10,149,2,151,6,157,6,163,4,167,6,173,6,
P000406 ,6,53,6,59,2,61,6,67,4,71,2,73,6,79,4,83,6,89,8,97,4,101,2,103,4,107,2,109,4,113,14,127,4,131,6,137,2,139,10,149,2,151,6,157,6,163,4,167,6,173,6,
P000407 ,53,6,59,2,61,6,67,4,71,2,73,6,79,4,83,6,89,8,97,4,101,2,103,4,107,2,109,4,113,14,127,4,131,6,137,2,139,10,149,2,151,6,157,6,163,4,167,6,173,6,
P000408 ,2,4,3,9,5,25,7,49,11,121,13,169,17,289,19,361,23,529,29,841,31,961,37,1369,41,1681,43,1849,47,2209,53,2809,59,3481,61,3721,67,4489,71,5041,73,5329,79,6241,83,6889,89,7921,97,9409,101,10201,103,10609,107,11449,109,11881,113,12769,127,16129,131,17161,137,18769,139,19321,149,22201,151,22801,157,24649,163,26569,167,27889,173,29929,
P000409 ,4,3,9,5,25,7,49,11,121,13,169,17,289,19,361,23,529,29,841,31,961,37,1369,41,1681,43,1849,47,2209,53,2809,59,3481,61,3721,67,4489,71,5041,73,5329,79,6241,83,6889,89,7921,97,9409,101,10201,103,10609,107,11449,109,11881,113,12769,127,16129,131,17161,137,18769,139,19321,149,22201,151,22801,157,24649,163,26569,167,27889,173,29929,
P000410 ,3,9,5,25,7,49,11,121,13,169,17,289,19,361,23,529,29,841,31,961,37,1369,41,1681,43,1849,47,2209,53,2809,59,3481,61,3721,67,4489,71,5041,73,5329,79,6241,83,6889,89,7921,97,9409,101,10201,103,10609,107,11449,109,11881,113,12769,127,16129,131,17161,137,18769,139,19321,149,22201,151,22801,157,24649,163,26569,167,27889,173,29929,
P000411 ,9,5,25,7,49,11,121,13,169,17,289,19,361,23,529,29,841,31,961,37,1369,41,1681,43,1849,47,2209,53,2809,59,3481,61,3721,67,4489,71,5041,73,5329,79,6241,83,6889,89,7921,97,9409,101,10201,103,10609,107,11449,109,11881,113,12769,127,16129,131,17161,137,18769,139,19321,149,22201,151,22801,157,24649,163,26569,167,27889,173,29929,
P000412 ,5,25,7,49,11,121,13,169,17,289,19,361,23,529,29,841,31,961,37,1369,41,1681,43,1849,47,2209,53,2809,59,3481,61,3721,67,4489,71,5041,73,5329,79,6241,83,6889,89,7921,97,9409,101,10201,103,10609,107,11449,109,11881,113,12769,127,16129,131,17161,137,18769,139,19321,149,22201,151,22801,157,24649,163,26569,167,27889,173,29929,
P000413 ,25,7,49,11,121,13,169,17,289,19,361,23,529,29,841,31,961,37,1369,41,1681,43,1849,47,2209,53,2809,59,3481,61,3721,67,4489,71,5041,73,5329,79,6241,83,6889,89,7921,97,9409,101,10201,103,10609,107,11449,109,11881,113,12769,127,16129,131,17161,137,18769,139,19321,149,22201,151,22801,157,24649,163,26569,167,27889,173,29929,
P000414 ,7,49,11,121,13,169,17,289,19,361,23,529,29,841,31,961,37,1369,41,1681,43,1849,47,2209,53,2809,59,3481,61,3721,67,4489,71,5041,73,5329,79,6241,83,6889,89,7921,97,9409,101,10201,103,10609,107,11449,109,11881,113,12769,127,16129,131,17161,137,18769,139,19321,149,22201,151,22801,157,24649,163,26569,167,27889,173,29929,
P000415 ,49,11,121,13,169,17,289,19,361,23,529,29,841,31,961,37,1369,41,1681,43,1849,47,2209,53,2809,59,3481,61,3721,67,4489,71,5041,73,5329,79,6241,83,6889,89,7921,97,9409,101,10201,103,10609,107,11449,109,11881,113,12769,127,16129,131,17161,137,18769,139,19321,149,22201,151,22801,157,24649,163,26569,167,27889,173,29929,
P000416 ,11,121,13,169,17,289,19,361,23,529,29,841,31,961,37,1369,41,1681,43,1849,47,2209,53,2809,59,3481,61,3721,67,4489,71,5041,73,5329,79,6241,83,6889,89,7921,97,9409,101,10201,103,10609,107,11449,109,11881,113,12769,127,16129,131,17161,137,18769,139,19321,149,22201,151,22801,157,24649,163,26569,167,27889,173,29929,
P000417 ,121,13,169,17,289,19,361,23,529,29,841,31,961,37,1369,41,1681,43,1849,47,2209,53,2809,59,3481,61,3721,67,4489,71,5041,73,5329,79,6241,83,6889,89,7921,97,9409,101,10201,103,10609,107,11449,109,11881,113,12769,127,16129,131,17161,137,18769,139,19321,149,22201,151,22801,157,24649,163,26569,167,27889,173,29929,
P000418 ,13,169,17,289,19,361,23,529,29,841,31,961,37,1369,41,1681,43,1849,47,2209,53,2809,59,3481,61,3721,67,4489,71,5041,73,5329,79,6241,83,6889,89,7921,97,9409,101,10201,103,10609,107,11449,109,11881,113,12769,127,16129,131,17161,137,18769,139,19321,149,22201,151,22801,157,24649,163,26569,167,27889,173,29929,
P000419 ,169,17,289,19,361,23,529,29,841,31,961,37,1369,41,1681,43,1849,47,2209,53,2809,59,3481,61,3721,67,4489,71,5041,73,5329,79,6241,83,6889,89,7921,97,9409,101,10201,103,10609,107,11449,109,11881,113,12769,127,16129,131,17161,137,18769,139,19321,149,22201,151,22801,157,24649,163,26569,167,27889,173,29929,
P000420 ,17,289,19,361,23,529,29,841,31,961,37,1369,41,1681,43,1849,47,2209,53,2809,59,3481,61,3721,67,4489,71,5041,73,5329,79,6241,83,6889,89,7921,97,9409,101,10201,103,10609,107,11449,109,11881,113,12769,127,16129,131,17161,137,18769,139,19321,149,22201,151,22801,157,24649,163,26569,167,27889,173,29929,
P000421 ,289,19,361,23,529,29,841,31,961,37,1369,41,1681,43,1849,47,2209,53,2809,59,3481,61,3721,67,4489,71,5041,73,5329,79,6241,83,6889,89,7921,97,9409,101,10201,103,10609,107,11449,109,11881,113,12769,127,16129,131,17161,137,18769,139,19321,149,22201,151,22801,157,24649,163,26569,167,27889,173,29929,
P000422 ,19,361,23,529,29,841,31,961,37,1369,41,1681,43,1849,47,2209,53,2809,59,3481,61,3721,67,4489,71,5041,73,5329,79,6241,83,6889,89,7921,97,9409,101,10201,103,10609,107,11449,109,11881,113,12769,127,16129,131,17161,137,18769,139,19321,149,22201,151,22801,157,24649,163,26569,167,27889,173,29929,
P000423 ,361,23,529,29,841,31,961,37,1369,41,1681,43,1849,47,2209,53,2809,59,3481,61,3721,67,4489,71,5041,73,5329,79,6241,83,6889,89,7921,97,9409,101,10201,103,10609,107,11449,109,11881,113,12769,127,16129,131,17161,137,18769,139,19321,149,22201,151,22801,157,24649,163,26569,167,27889,173,29929,
P000424 ,23,529,29,841,31,961,37,1369,41,1681,43,1849,47,2209,53,2809,59,3481,61,3721,67,4489,71,5041,73,5329,79,6241,83,6889,89,7921,97,9409,101,10201,103,10609,107,11449,109,11881,113,12769,127,16129,131,17161,137,18769,139,19321,149,22201,151,22801,157,24649,163,26569,167,27889,173,29929,
P000425 ,529,29,841,31,961,37,1369,41,1681,43,1849,47,2209,53,2809,59,3481,61,3721,67,4489,71,5041,73,5329,79,6241,83,6889,89,7921,97,9409,101,10201,103,10609,107,11449,109,11881,113,12769,127,16129,131,17161,137,18769,139,19321,149,22201,151,22801,157,24649,163,26569,167,27889,173,29929,
P000426 ,29,841,31,961,37,1369,41,1681,43,1849,47,2209,53,2809,59,3481,61,3721,67,4489,71,5041,73,5329,79,6241,83,6889,89,7921,97,9409,101,10201,103,10609,107,11449,109,11881,113,12769,127,16129,131,17161,137,18769,139,19321,149,22201,151,22801,157,24649,163,26569,167,27889,173,29929,
P000427 ,841,31,961,37,1369,41,1681,43,1849,47,2209,53,2809,59,3481,61,3721,67,4489,71,5041,73,5329,79,6241,83,6889,89,7921,97,9409,101,10201,103,10609,107,11449,109,11881,113,12769,127,16129,131,17161,137,18769,139,19321,149,22201,151,22801,157,24649,163,26569,167,27889,173,29929,
P000428 ,31,961,37,1369,41,1681,43,1849,47,2209,53,2809,59,3481,61,3721,67,4489,71,5041,73,5329,79,6241,83,6889,89,7921,97,9409,101,10201,103,10609,107,11449,109,11881,113,12769,127,16129,131,17161,137,18769,139,19321,149,22201,151,22801,157,24649,163,26569,167,27889,173,29929,
P000429 ,961,37,1369,41,1681,43,1849,47,2209,53,2809,59,3481,61,3721,67,4489,71,5041,73,5329,79,6241,83,6889,89,7921,97,9409,101,10201,103,10609,107,11449,109,11881,113,12769,127,16129,131,17161,137,18769,139,19321,149,22201,151,22801,157,24649,163,26569,167,27889,173,29929,
P000430 ,37,1369,41,1681,43,1849,47,2209,53,2809,59,3481,61,3721,67,4489,71,5041,73,5329,79,6241,83,6889,89,7921,97,9409,101,10201,103,10609,107,11449,109,11881,113,12769,127,16129,131,17161,137,18769,139,19321,149,22201,151,22801,157,24649,163,26569,167,27889,173,29929,
P000431 ,1369,41,1681,43,1849,47,2209,53,2809,59,3481,61,3721,67,4489,71,5041,73,5329,79,6241,83,6889,89,7921,97,9409,101,10201,103,10609,107,11449,109,11881,113,12769,127,16129,131,17161,137,18769,139,19321,149,22201,151,22801,157,24649,163,26569,167,27889,173,29929,
P000432 ,41,1681,43,1849,47,2209,53,2809,59,3481,61,3721,67,4489,71,5041,73,5329,79,6241,83,6889,89,7921,97,9409,101,10201,103,10609,107,11449,109,11881,113,12769,127,16129,131,17161,137,18769,139,19321,149,22201,151,22801,157,24649,163,26569,167,27889,173,29929,
P000433 ,1681,43,1849,47,2209,53,2809,59,3481,61,3721,67,4489,71,5041,73,5329,79,6241,83,6889,89,7921,97,9409,101,10201,103,10609,107,11449,109,11881,113,12769,127,16129,131,17161,137,18769,139,19321,149,22201,151,22801,157,24649,163,26569,167,27889,173,29929,
P000434 ,43,1849,47,2209,53,2809,59,3481,61,3721,67,4489,71,5041,73,5329,79,6241,83,6889,89,7921,97,9409,101,10201,103,10609,107,11449,109,11881,113,12769,127,16129,131,17161,137,18769,139,19321,149,22201,151,22801,157,24649,163,26569,167,27889,173,29929,
P000435 ,1849,47,2209,53,2809,59,3481,61,3721,67,4489,71,5041,73,5329,79,6241,83,6889,89,7921,97,9409,101,10201,103,10609,107,11449,109,11881,113,12769,127,16129,131,17161,137,18769,139,19321,149,22201,151,22801,157,24649,163,26569,167,27889,173,29929,
P000436 ,47,2209,53,2809,59,3481,61,3721,67,4489,71,5041,73,5329,79,6241,83,6889,89,7921,97,9409,101,10201,103,10609,107,11449,109,11881,113,12769,127,16129,131,17161,137,18769,139,19321,149,22201,151,22801,157,24649,163,26569,167,27889,173,29929,
P000437 ,2209,53,2809,59,3481,61,3721,67,4489,71,5041,73,5329,79,6241,83,6889,89,7921,97,9409,101,10201,103,10609,107,11449,109,11881,113,12769,127,16129,131,17161,137,18769,139,19321,149,22201,151,22801,157,24649,163,26569,167,27889,173,29929,
P000438 ,53,2809,59,3481,61,3721,67,4489,71,5041,73,5329,79,6241,83,6889,89,7921,97,9409,101,10201,103,10609,107,11449,109,11881,113,12769,127,16129,131,17161,137,18769,139,19321,149,22201,151,22801,157,24649,163,26569,167,27889,173,29929,
P000439 ,2,8,3,27,5,125,7,343,11,1331,13,2197,17,4913,19,6859,23,12167,29,24389,31,29791,37,50653,41,68921,43,79507,47,103823,53,148877,59,205379,61,226981,67,300763,71,357911,73,389017,79,493039,83,571787,89,704969,97,912673,101,1030301,103,1092727,107,1225043,109,1295029,113,1442897,127,2048383,131,2248091,137,2571353,139,2685619,149,3307949,151,3442951,157,3869893,163,4330747,167,4657463,173,5177717,
P000440 ,8,3,27,5,125,7,343,11,1331,13,2197,17,4913,19,6859,23,12167,29,24389,31,29791,37,50653,41,68921,43,79507,47,103823,53,148877,59,205379,61,226981,67,300763,71,357911,73,389017,79,493039,83,571787,89,704969,97,912673,101,1030301,103,1092727,107,1225043,109,1295029,113,1442897,127,2048383,131,2248091,137,2571353,139,2685619,149,3307949,151,3442951,157,3869893,163,4330747,167,4657463,173,5177717,
P000441 ,3,27,5,125,7,343,11,1331,13,2197,17,4913,19,6859,23,12167,29,24389,31,29791,37,50653,41,68921,43,79507,47,103823,53,148877,59,205379,61,226981,67,300763,71,357911,73,389017,79,493039,83,571787,89,704969,97,912673,101,1030301,103,1092727,107,1225043,109,1295029,113,1442897,127,2048383,131,2248091,137,2571353,139,2685619,149,3307949,151,3442951,157,3869893,163,4330747,167,4657463,173,5177717,
P000442 ,27,5,125,7,343,11,1331,13,2197,17,4913,19,6859,23,12167,29,24389,31,29791,37,50653,41,68921,43,79507,47,103823,53,148877,59,205379,61,226981,67,300763,71,357911,73,389017,79,493039,83,571787,89,704969,97,912673,101,1030301,103,1092727,107,1225043,109,1295029,113,1442897,127,2048383,131,2248091,137,2571353,139,2685619,149,3307949,151,3442951,157,3869893,163,4330747,167,4657463,173,5177717,
P000443 ,5,125,7,343,11,1331,13,2197,17,4913,19,6859,23,12167,29,24389,31,29791,37,50653,41,68921,43,79507,47,103823,53,148877,59,205379,61,226981,67,300763,71,357911,73,389017,79,493039,83,571787,89,704969,97,912673,101,1030301,103,1092727,107,1225043,109,1295029,113,1442897,127,2048383,131,2248091,137,2571353,139,2685619,149,3307949,151,3442951,157,3869893,163,4330747,167,4657463,173,5177717,
P000444 ,125,7,343,11,1331,13,2197,17,4913,19,6859,23,12167,29,24389,31,29791,37,50653,41,68921,43,79507,47,103823,53,148877,59,205379,61,226981,67,300763,71,357911,73,389017,79,493039,83,571787,89,704969,97,912673,101,1030301,103,1092727,107,1225043,109,1295029,113,1442897,127,2048383,131,2248091,137,2571353,139,2685619,149,3307949,151,3442951,157,3869893,163,4330747,167,4657463,173,5177717,
P000445 ,7,343,11,1331,13,2197,17,4913,19,6859,23,12167,29,24389,31,29791,37,50653,41,68921,43,79507,47,103823,53,148877,59,205379,61,226981,67,300763,71,357911,73,389017,79,493039,83,571787,89,704969,97,912673,101,1030301,103,1092727,107,1225043,109,1295029,113,1442897,127,2048383,131,2248091,137,2571353,139,2685619,149,3307949,151,3442951,157,3869893,163,4330747,167,4657463,173,5177717,
P000446 ,343,11,1331,13,2197,17,4913,19,6859,23,12167,29,24389,31,29791,37,50653,41,68921,43,79507,47,103823,53,148877,59,205379,61,226981,67,300763,71,357911,73,389017,79,493039,83,571787,89,704969,97,912673,101,1030301,103,1092727,107,1225043,109,1295029,113,1442897,127,2048383,131,2248091,137,2571353,139,2685619,149,3307949,151,3442951,157,3869893,163,4330747,167,4657463,173,5177717,
P000447 ,11,1331,13,2197,17,4913,19,6859,23,12167,29,24389,31,29791,37,50653,41,68921,43,79507,47,103823,53,148877,59,205379,61,226981,67,300763,71,357911,73,389017,79,493039,83,571787,89,704969,97,912673,101,1030301,103,1092727,107,1225043,109,1295029,113,1442897,127,2048383,131,2248091,137,2571353,139,2685619,149,3307949,151,3442951,157,3869893,163,4330747,167,4657463,173,5177717,
P000448 ,1331,13,2197,17,4913,19,6859,23,12167,29,24389,31,29791,37,50653,41,68921,43,79507,47,103823,53,148877,59,205379,61,226981,67,300763,71,357911,73,389017,79,493039,83,571787,89,704969,97,912673,101,1030301,103,1092727,107,1225043,109,1295029,113,1442897,127,2048383,131,2248091,137,2571353,139,2685619,149,3307949,151,3442951,157,3869893,163,4330747,167,4657463,173,5177717,
P000449 ,13,2197,17,4913,19,6859,23,12167,29,24389,31,29791,37,50653,41,68921,43,79507,47,103823,53,148877,59,205379,61,226981,67,300763,71,357911,73,389017,79,493039,83,571787,89,704969,97,912673,101,1030301,103,1092727,107,1225043,109,1295029,113,1442897,127,2048383,131,2248091,137,2571353,139,2685619,149,3307949,151,3442951,157,3869893,163,4330747,167,4657463,173,5177717,
P000450 ,2197,17,4913,19,6859,23,12167,29,24389,31,29791,37,50653,41,68921,43,79507,47,103823,53,148877,59,205379,61,226981,67,300763,71,357911,73,389017,79,493039,83,571787,89,704969,97,912673,101,1030301,103,1092727,107,1225043,109,1295029,113,1442897,127,2048383,131,2248091,137,2571353,139,2685619,149,3307949,151,3442951,157,3869893,163,4330747,167,4657463,173,5177717,
P000451 ,17,4913,19,6859,23,12167,29,24389,31,29791,37,50653,41,68921,43,79507,47,103823,53,148877,59,205379,61,226981,67,300763,71,357911,73,389017,79,493039,83,571787,89,704969,97,912673,101,1030301,103,1092727,107,1225043,109,1295029,113,1442897,127,2048383,131,2248091,137,2571353,139,2685619,149,3307949,151,3442951,157,3869893,163,4330747,167,4657463,173,5177717,
P000452 ,4913,19,6859,23,12167,29,24389,31,29791,37,50653,41,68921,43,79507,47,103823,53,148877,59,205379,61,226981,67,300763,71,357911,73,389017,79,493039,83,571787,89,704969,97,912673,101,1030301,103,1092727,107,1225043,109,1295029,113,1442897,127,2048383,131,2248091,137,2571353,139,2685619,149,3307949,151,3442951,157,3869893,163,4330747,167,4657463,173,5177717,
P000453 ,19,6859,23,12167,29,24389,31,29791,37,50653,41,68921,43,79507,47,103823,53,148877,59,205379,61,226981,67,300763,71,357911,73,389017,79,493039,83,571787,89,704969,97,912673,101,1030301,103,1092727,107,1225043,109,1295029,113,1442897,127,2048383,131,2248091,137,2571353,139,2685619,149,3307949,151,3442951,157,3869893,163,4330747,167,4657463,173,5177717,
P000454 ,6859,23,12167,29,24389,31,29791,37,50653,41,68921,43,79507,47,103823,53,148877,59,205379,61,226981,67,300763,71,357911,73,389017,79,493039,83,571787,89,704969,97,912673,101,1030301,103,1092727,107,1225043,109,1295029,113,1442897,127,2048383,131,2248091,137,2571353,139,2685619,149,3307949,151,3442951,157,3869893,163,4330747,167,4657463,173,5177717,
P000455 ,23,12167,29,24389,31,29791,37,50653,41,68921,43,79507,47,103823,53,148877,59,205379,61,226981,67,300763,71,357911,73,389017,79,493039,83,571787,89,704969,97,912673,101,1030301,103,1092727,107,1225043,109,1295029,113,1442897,127,2048383,131,2248091,137,2571353,139,2685619,149,3307949,151,3442951,157,3869893,163,4330747,167,4657463,173,5177717,
P000456 ,12167,29,24389,31,29791,37,50653,41,68921,43,79507,47,103823,53,148877,59,205379,61,226981,67,300763,71,357911,73,389017,79,493039,83,571787,89,704969,97,912673,101,1030301,103,1092727,107,1225043,109,1295029,113,1442897,127,2048383,131,2248091,137,2571353,139,2685619,149,3307949,151,3442951,157,3869893,163,4330747,167,4657463,173,5177717,
P000457 ,29,24389,31,29791,37,50653,41,68921,43,79507,47,103823,53,148877,59,205379,61,226981,67,300763,71,357911,73,389017,79,493039,83,571787,89,704969,97,912673,101,1030301,103,1092727,107,1225043,109,1295029,113,1442897,127,2048383,131,2248091,137,2571353,139,2685619,149,3307949,151,3442951,157,3869893,163,4330747,167,4657463,173,5177717,
P000458 ,24389,31,29791,37,50653,41,68921,43,79507,47,103823,53,148877,59,205379,61,226981,67,300763,71,357911,73,389017,79,493039,83,571787,89,704969,97,912673,101,1030301,103,1092727,107,1225043,109,1295029,113,1442897,127,2048383,131,2248091,137,2571353,139,2685619,149,3307949,151,3442951,157,3869893,163,4330747,167,4657463,173,5177717,
P000459 ,31,29791,37,50653,41,68921,43,79507,47,103823,53,148877,59,205379,61,226981,67,300763,71,357911,73,389017,79,493039,83,571787,89,704969,97,912673,101,1030301,103,1092727,107,1225043,109,1295029,113,1442897,127,2048383,131,2248091,137,2571353,139,2685619,149,3307949,151,3442951,157,3869893,163,4330747,167,4657463,173,5177717,
P000460 ,29791,37,50653,41,68921,43,79507,47,103823,53,148877,59,205379,61,226981,67,300763,71,357911,73,389017,79,493039,83,571787,89,704969,97,912673,101,1030301,103,1092727,107,1225043,109,1295029,113,1442897,127,2048383,131,2248091,137,2571353,139,2685619,149,3307949,151,3442951,157,3869893,163,4330747,167,4657463,173,5177717,
P000461 ,37,50653,41,68921,43,79507,47,103823,53,148877,59,205379,61,226981,67,300763,71,357911,73,389017,79,493039,83,571787,89,704969,97,912673,101,1030301,103,1092727,107,1225043,109,1295029,113,1442897,127,2048383,131,2248091,137,2571353,139,2685619,149,3307949,151,3442951,157,3869893,163,4330747,167,4657463,173,5177717,
P000462 ,50653,41,68921,43,79507,47,103823,53,148877,59,205379,61,226981,67,300763,71,357911,73,389017,79,493039,83,571787,89,704969,97,912673,101,1030301,103,1092727,107,1225043,109,1295029,113,1442897,127,2048383,131,2248091,137,2571353,139,2685619,149,3307949,151,3442951,157,3869893,163,4330747,167,4657463,173,5177717,
P000463 ,41,68921,43,79507,47,103823,53,148877,59,205379,61,226981,67,300763,71,357911,73,389017,79,493039,83,571787,89,704969,97,912673,101,1030301,103,1092727,107,1225043,109,1295029,113,1442897,127,2048383,131,2248091,137,2571353,139,2685619,149,3307949,151,3442951,157,3869893,163,4330747,167,4657463,173,5177717,
P000464 ,68921,43,79507,47,103823,53,148877,59,205379,61,226981,67,300763,71,357911,73,389017,79,493039,83,571787,89,704969,97,912673,101,1030301,103,1092727,107,1225043,109,1295029,113,1442897,127,2048383,131,2248091,137,2571353,139,2685619,149,3307949,151,3442951,157,3869893,163,4330747,167,4657463,173,5177717,
P000465 ,43,79507,47,103823,53,148877,59,205379,61,226981,67,300763,71,357911,73,389017,79,493039,83,571787,89,704969,97,912673,101,1030301,103,1092727,107,1225043,109,1295029,113,1442897,127,2048383,131,2248091,137,2571353,139,2685619,149,3307949,151,3442951,157,3869893,163,4330747,167,4657463,173,5177717,
P000466 ,79507,47,103823,53,148877,59,205379,61,226981,67,300763,71,357911,73,389017,79,493039,83,571787,89,704969,97,912673,101,1030301,103,1092727,107,1225043,109,1295029,113,1442897,127,2048383,131,2248091,137,2571353,139,2685619,149,3307949,151,3442951,157,3869893,163,4330747,167,4657463,173,5177717,
P000467 ,47,103823,53,148877,59,205379,61,226981,67,300763,71,357911,73,389017,79,493039,83,571787,89,704969,97,912673,101,1030301,103,1092727,107,1225043,109,1295029,113,1442897,127,2048383,131,2248091,137,2571353,139,2685619,149,3307949,151,3442951,157,3869893,163,4330747,167,4657463,173,5177717,
P000468 ,103823,53,148877,59,205379,61,226981,67,300763,71,357911,73,389017,79,493039,83,571787,89,704969,97,912673,101,1030301,103,1092727,107,1225043,109,1295029,113,1442897,127,2048383,131,2248091,137,2571353,139,2685619,149,3307949,151,3442951,157,3869893,163,4330747,167,4657463,173,5177717,
P000469 ,53,148877,59,205379,61,226981,67,300763,71,357911,73,389017,79,493039,83,571787,89,704969,97,912673,101,1030301,103,1092727,107,1225043,109,1295029,113,1442897,127,2048383,131,2248091,137,2571353,139,2685619,149,3307949,151,3442951,157,3869893,163,4330747,167,4657463,173,5177717,
P000470 ,2,3,3,4,5,6,7,8,11,12,13,14,17,18,19,20,23,24,29,30,31,32,37,38,41,42,43,44,47,48,53,54,59,60,61,62,67,68,71,72,73,74,79,80,83,84,89,90,97,98,101,102,103,104,107,108,109,110,113,114,127,128,131,132,137,138,139,140,149,150,151,152,157,158,163,164,167,168,173,174,
P000471 ,3,3,4,5,6,7,8,11,12,13,14,17,18,19,20,23,24,29,30,31,32,37,38,41,42,43,44,47,48,53,54,59,60,61,62,67,68,71,72,73,74,79,80,83,84,89,90,97,98,101,102,103,104,107,108,109,110,113,114,127,128,131,132,137,138,139,140,149,150,151,152,157,158,163,164,167,168,173,174,
P000472 ,3,4,5,6,7,8,11,12,13,14,17,18,19,20,23,24,29,30,31,32,37,38,41,42,43,44,47,48,53,54,59,60,61,62,67,68,71,72,73,74,79,80,83,84,89,90,97,98,101,102,103,104,107,108,109,110,113,114,127,128,131,132,137,138,139,140,149,150,151,152,157,158,163,164,167,168,173,174,
P000473 ,4,5,6,7,8,11,12,13,14,17,18,19,20,23,24,29,30,31,32,37,38,41,42,43,44,47,48,53,54,59,60,61,62,67,68,71,72,73,74,79,80,83,84,89,90,97,98,101,102,103,104,107,108,109,110,113,114,127,128,131,132,137,138,139,140,149,150,151,152,157,158,163,164,167,168,173,174,
P000474 ,5,6,7,8,11,12,13,14,17,18,19,20,23,24,29,30,31,32,37,38,41,42,43,44,47,48,53,54,59,60,61,62,67,68,71,72,73,74,79,80,83,84,89,90,97,98,101,102,103,104,107,108,109,110,113,114,127,128,131,132,137,138,139,140,149,150,151,152,157,158,163,164,167,168,173,174,
P000475 ,6,7,8,11,12,13,14,17,18,19,20,23,24,29,30,31,32,37,38,41,42,43,44,47,48,53,54,59,60,61,62,67,68,71,72,73,74,79,80,83,84,89,90,97,98,101,102,103,104,107,108,109,110,113,114,127,128,131,132,137,138,139,140,149,150,151,152,157,158,163,164,167,168,173,174,
P000476 ,7,8,11,12,13,14,17,18,19,20,23,24,29,30,31,32,37,38,41,42,43,44,47,48,53,54,59,60,61,62,67,68,71,72,73,74,79,80,83,84,89,90,97,98,101,102,103,104,107,108,109,110,113,114,127,128,131,132,137,138,139,140,149,150,151,152,157,158,163,164,167,168,173,174,
P000477 ,8,11,12,13,14,17,18,19,20,23,24,29,30,31,32,37,38,41,42,43,44,47,48,53,54,59,60,61,62,67,68,71,72,73,74,79,80,83,84,89,90,97,98,101,102,103,104,107,108,109,110,113,114,127,128,131,132,137,138,139,140,149,150,151,152,157,158,163,164,167,168,173,174,
P000478 ,11,12,13,14,17,18,19,20,23,24,29,30,31,32,37,38,41,42,43,44,47,48,53,54,59,60,61,62,67,68,71,72,73,74,79,80,83,84,89,90,97,98,101,102,103,104,107,108,109,110,113,114,127,128,131,132,137,138,139,140,149,150,151,152,157,158,163,164,167,168,173,174,
P000479 ,12,13,14,17,18,19,20,23,24,29,30,31,32,37,38,41,42,43,44,47,48,53,54,59,60,61,62,67,68,71,72,73,74,79,80,83,84,89,90,97,98,101,102,103,104,107,108,109,110,113,114,127,128,131,132,137,138,139,140,149,150,151,152,157,158,163,164,167,168,173,174,
P000480 ,13,14,17,18,19,20,23,24,29,30,31,32,37,38,41,42,43,44,47,48,53,54,59,60,61,62,67,68,71,72,73,74,79,80,83,84,89,90,97,98,101,102,103,104,107,108,109,110,113,114,127,128,131,132,137,138,139,140,149,150,151,152,157,158,163,164,167,168,173,174,
P000481 ,14,17,18,19,20,23,24,29,30,31,32,37,38,41,42,43,44,47,48,53,54,59,60,61,62,67,68,71,72,73,74,79,80,83,84,89,90,97,98,101,102,103,104,107,108,109,110,113,114,127,128,131,132,137,138,139,140,149,150,151,152,157,158,163,164,167,168,173,174,
P000482 ,17,18,19,20,23,24,29,30,31,32,37,38,41,42,43,44,47,48,53,54,59,60,61,62,67,68,71,72,73,74,79,80,83,84,89,90,97,98,101,102,103,104,107,108,109,110,113,114,127,128,131,132,137,138,139,140,149,150,151,152,157,158,163,164,167,168,173,174,
P000483 ,18,19,20,23,24,29,30,31,32,37,38,41,42,43,44,47,48,53,54,59,60,61,62,67,68,71,72,73,74,79,80,83,84,89,90,97,98,101,102,103,104,107,108,109,110,113,114,127,128,131,132,137,138,139,140,149,150,151,152,157,158,163,164,167,168,173,174,
P000484 ,19,20,23,24,29,30,31,32,37,38,41,42,43,44,47,48,53,54,59,60,61,62,67,68,71,72,73,74,79,80,83,84,89,90,97,98,101,102,103,104,107,108,109,110,113,114,127,128,131,132,137,138,139,140,149,150,151,152,157,158,163,164,167,168,173,174,
P000485 ,20,23,24,29,30,31,32,37,38,41,42,43,44,47,48,53,54,59,60,61,62,67,68,71,72,73,74,79,80,83,84,89,90,97,98,101,102,103,104,107,108,109,110,113,114,127,128,131,132,137,138,139,140,149,150,151,152,157,158,163,164,167,168,173,174,
P000486 ,23,24,29,30,31,32,37,38,41,42,43,44,47,48,53,54,59,60,61,62,67,68,71,72,73,74,79,80,83,84,89,90,97,98,101,102,103,104,107,108,109,110,113,114,127,128,131,132,137,138,139,140,149,150,151,152,157,158,163,164,167,168,173,174,
P000487 ,24,29,30,31,32,37,38,41,42,43,44,47,48,53,54,59,60,61,62,67,68,71,72,73,74,79,80,83,84,89,90,97,98,101,102,103,104,107,108,109,110,113,114,127,128,131,132,137,138,139,140,149,150,151,152,157,158,163,164,167,168,173,174,
P000488 ,29,30,31,32,37,38,41,42,43,44,47,48,53,54,59,60,61,62,67,68,71,72,73,74,79,80,83,84,89,90,97,98,101,102,103,104,107,108,109,110,113,114,127,128,131,132,137,138,139,140,149,150,151,152,157,158,163,164,167,168,173,174,
P000489 ,30,31,32,37,38,41,42,43,44,47,48,53,54,59,60,61,62,67,68,71,72,73,74,79,80,83,84,89,90,97,98,101,102,103,104,107,108,109,110,113,114,127,128,131,132,137,138,139,140,149,150,151,152,157,158,163,164,167,168,173,174,
P000490 ,31,32,37,38,41,42,43,44,47,48,53,54,59,60,61,62,67,68,71,72,73,74,79,80,83,84,89,90,97,98,101,102,103,104,107,108,109,110,113,114,127,128,131,132,137,138,139,140,149,150,151,152,157,158,163,164,167,168,173,174,
P000491 ,32,37,38,41,42,43,44,47,48,53,54,59,60,61,62,67,68,71,72,73,74,79,80,83,84,89,90,97,98,101,102,103,104,107,108,109,110,113,114,127,128,131,132,137,138,139,140,149,150,151,152,157,158,163,164,167,168,173,174,
P000492 ,37,38,41,42,43,44,47,48,53,54,59,60,61,62,67,68,71,72,73,74,79,80,83,84,89,90,97,98,101,102,103,104,107,108,109,110,113,114,127,128,131,132,137,138,139,140,149,150,151,152,157,158,163,164,167,168,173,174,
P000493 ,38,41,42,43,44,47,48,53,54,59,60,61,62,67,68,71,72,73,74,79,80,83,84,89,90,97,98,101,102,103,104,107,108,109,110,113,114,127,128,131,132,137,138,139,140,149,150,151,152,157,158,163,164,167,168,173,174,
P000494 ,41,42,43,44,47,48,53,54,59,60,61,62,67,68,71,72,73,74,79,80,83,84,89,90,97,98,101,102,103,104,107,108,109,110,113,114,127,128,131,132,137,138,139,140,149,150,151,152,157,158,163,164,167,168,173,174,
P000495 ,42,43,44,47,48,53,54,59,60,61,62,67,68,71,72,73,74,79,80,83,84,89,90,97,98,101,102,103,104,107,108,109,110,113,114,127,128,131,132,137,138,139,140,149,150,151,152,157,158,163,164,167,168,173,174,
P000496 ,43,44,47,48,53,54,59,60,61,62,67,68,71,72,73,74,79,80,83,84,89,90,97,98,101,102,103,104,107,108,109,110,113,114,127,128,131,132,137,138,139,140,149,150,151,152,157,158,163,164,167,168,173,174,
P000497 ,44,47,48,53,54,59,60,61,62,67,68,71,72,73,74,79,80,83,84,89,90,97,98,101,102,103,104,107,108,109,110,113,114,127,128,131,132,137,138,139,140,149,150,151,152,157,158,163,164,167,168,173,174,
P000498 ,47,48,53,54,59,60,61,62,67,68,71,72,73,74,79,80,83,84,89,90,97,98,101,102,103,104,107,108,109,110,113,114,127,128,131,132,137,138,139,140,149,150,151,152,157,158,163,164,167,168,173,174,
P000499 ,48,53,54,59,60,61,62,67,68,71,72,73,74,79,80,83,84,89,90,97,98,101,102,103,104,107,108,109,110,113,114,127,128,131,132,137,138,139,140,149,150,151,152,157,158,163,164,167,168,173,174,
P000500 ,53,54,59,60,61,62,67,68,71,72,73,74,79,80,83,84,89,90,97,98,101,102,103,104,107,108,109,110,113,114,127,128,131,132,137,138,139,140,149,150,151,152,157,158,163,164,167,168,173,174,
P000501 ,2,1,3,2,5,4,7,6,11,10,13,12,17,16,19,18,23,22,29,28,31,30,37,36,41,40,43,42,47,46,53,52,59,58,61,60,67,66,71,70,73,72,79,78,83,82,89,88,97,96,101,100,103,102,107,106,109,108,113,112,127,126,131,130,137,136,139,138,149,148,151,150,157,156,163,162,167,166,173,172,
P000502 ,1,3,2,5,4,7,6,11,10,13,12,17,16,19,18,23,22,29,28,31,30,37,36,41,40,43,42,47,46,53,52,59,58,61,60,67,66,71,70,73,72,79,78,83,82,89,88,97,96,101,100,103,102,107,106,109,108,113,112,127,126,131,130,137,136,139,138,149,148,151,150,157,156,163,162,167,166,173,172,
P000503 ,3,2,5,4,7,6,11,10,13,12,17,16,19,18,23,22,29,28,31,30,37,36,41,40,43,42,47,46,53,52,59,58,61,60,67,66,71,70,73,72,79,78,83,82,89,88,97,96,101,100,103,102,107,106,109,108,113,112,127,126,131,130,137,136,139,138,149,148,151,150,157,156,163,162,167,166,173,172,
P000504 ,2,5,4,7,6,11,10,13,12,17,16,19,18,23,22,29,28,31,30,37,36,41,40,43,42,47,46,53,52,59,58,61,60,67,66,71,70,73,72,79,78,83,82,89,88,97,96,101,100,103,102,107,106,109,108,113,112,127,126,131,130,137,136,139,138,149,148,151,150,157,156,163,162,167,166,173,172,
P000505 ,5,4,7,6,11,10,13,12,17,16,19,18,23,22,29,28,31,30,37,36,41,40,43,42,47,46,53,52,59,58,61,60,67,66,71,70,73,72,79,78,83,82,89,88,97,96,101,100,103,102,107,106,109,108,113,112,127,126,131,130,137,136,139,138,149,148,151,150,157,156,163,162,167,166,173,172,
P000506 ,4,7,6,11,10,13,12,17,16,19,18,23,22,29,28,31,30,37,36,41,40,43,42,47,46,53,52,59,58,61,60,67,66,71,70,73,72,79,78,83,82,89,88,97,96,101,100,103,102,107,106,109,108,113,112,127,126,131,130,137,136,139,138,149,148,151,150,157,156,163,162,167,166,173,172,
P000507 ,7,6,11,10,13,12,17,16,19,18,23,22,29,28,31,30,37,36,41,40,43,42,47,46,53,52,59,58,61,60,67,66,71,70,73,72,79,78,83,82,89,88,97,96,101,100,103,102,107,106,109,108,113,112,127,126,131,130,137,136,139,138,149,148,151,150,157,156,163,162,167,166,173,172,
P000508 ,6,11,10,13,12,17,16,19,18,23,22,29,28,31,30,37,36,41,40,43,42,47,46,53,52,59,58,61,60,67,66,71,70,73,72,79,78,83,82,89,88,97,96,101,100,103,102,107,106,109,108,113,112,127,126,131,130,137,136,139,138,149,148,151,150,157,156,163,162,167,166,173,172,
P000509 ,11,10,13,12,17,16,19,18,23,22,29,28,31,30,37,36,41,40,43,42,47,46,53,52,59,58,61,60,67,66,71,70,73,72,79,78,83,82,89,88,97,96,101,100,103,102,107,106,109,108,113,112,127,126,131,130,137,136,139,138,149,148,151,150,157,156,163,162,167,166,173,172,
P000510 ,10,13,12,17,16,19,18,23,22,29,28,31,30,37,36,41,40,43,42,47,46,53,52,59,58,61,60,67,66,71,70,73,72,79,78,83,82,89,88,97,96,101,100,103,102,107,106,109,108,113,112,127,126,131,130,137,136,139,138,149,148,151,150,157,156,163,162,167,166,173,172,
P000511 ,13,12,17,16,19,18,23,22,29,28,31,30,37,36,41,40,43,42,47,46,53,52,59,58,61,60,67,66,71,70,73,72,79,78,83,82,89,88,97,96,101,100,103,102,107,106,109,108,113,112,127,126,131,130,137,136,139,138,149,148,151,150,157,156,163,162,167,166,173,172,
P000512 ,12,17,16,19,18,23,22,29,28,31,30,37,36,41,40,43,42,47,46,53,52,59,58,61,60,67,66,71,70,73,72,79,78,83,82,89,88,97,96,101,100,103,102,107,106,109,108,113,112,127,126,131,130,137,136,139,138,149,148,151,150,157,156,163,162,167,166,173,172,
P000513 ,17,16,19,18,23,22,29,28,31,30,37,36,41,40,43,42,47,46,53,52,59,58,61,60,67,66,71,70,73,72,79,78,83,82,89,88,97,96,101,100,103,102,107,106,109,108,113,112,127,126,131,130,137,136,139,138,149,148,151,150,157,156,163,162,167,166,173,172,
P000514 ,16,19,18,23,22,29,28,31,30,37,36,41,40,43,42,47,46,53,52,59,58,61,60,67,66,71,70,73,72,79,78,83,82,89,88,97,96,101,100,103,102,107,106,109,108,113,112,127,126,131,130,137,136,139,138,149,148,151,150,157,156,163,162,167,166,173,172,
P000515 ,19,18,23,22,29,28,31,30,37,36,41,40,43,42,47,46,53,52,59,58,61,60,67,66,71,70,73,72,79,78,83,82,89,88,97,96,101,100,103,102,107,106,109,108,113,112,127,126,131,130,137,136,139,138,149,148,151,150,157,156,163,162,167,166,173,172,
P000516 ,18,23,22,29,28,31,30,37,36,41,40,43,42,47,46,53,52,59,58,61,60,67,66,71,70,73,72,79,78,83,82,89,88,97,96,101,100,103,102,107,106,109,108,113,112,127,126,131,130,137,136,139,138,149,148,151,150,157,156,163,162,167,166,173,172,
P000517 ,23,22,29,28,31,30,37,36,41,40,43,42,47,46,53,52,59,58,61,60,67,66,71,70,73,72,79,78,83,82,89,88,97,96,101,100,103,102,107,106,109,108,113,112,127,126,131,130,137,136,139,138,149,148,151,150,157,156,163,162,167,166,173,172,
P000518 ,22,29,28,31,30,37,36,41,40,43,42,47,46,53,52,59,58,61,60,67,66,71,70,73,72,79,78,83,82,89,88,97,96,101,100,103,102,107,106,109,108,113,112,127,126,131,130,137,136,139,138,149,148,151,150,157,156,163,162,167,166,173,172,
P000519 ,29,28,31,30,37,36,41,40,43,42,47,46,53,52,59,58,61,60,67,66,71,70,73,72,79,78,83,82,89,88,97,96,101,100,103,102,107,106,109,108,113,112,127,126,131,130,137,136,139,138,149,148,151,150,157,156,163,162,167,166,173,172,
P000520 ,28,31,30,37,36,41,40,43,42,47,46,53,52,59,58,61,60,67,66,71,70,73,72,79,78,83,82,89,88,97,96,101,100,103,102,107,106,109,108,113,112,127,126,131,130,137,136,139,138,149,148,151,150,157,156,163,162,167,166,173,172,
P000521 ,31,30,37,36,41,40,43,42,47,46,53,52,59,58,61,60,67,66,71,70,73,72,79,78,83,82,89,88,97,96,101,100,103,102,107,106,109,108,113,112,127,126,131,130,137,136,139,138,149,148,151,150,157,156,163,162,167,166,173,172,
P000522 ,30,37,36,41,40,43,42,47,46,53,52,59,58,61,60,67,66,71,70,73,72,79,78,83,82,89,88,97,96,101,100,103,102,107,106,109,108,113,112,127,126,131,130,137,136,139,138,149,148,151,150,157,156,163,162,167,166,173,172,
P000523 ,37,36,41,40,43,42,47,46,53,52,59,58,61,60,67,66,71,70,73,72,79,78,83,82,89,88,97,96,101,100,103,102,107,106,109,108,113,112,127,126,131,130,137,136,139,138,149,148,151,150,157,156,163,162,167,166,173,172,
P000524 ,36,41,40,43,42,47,46,53,52,59,58,61,60,67,66,71,70,73,72,79,78,83,82,89,88,97,96,101,100,103,102,107,106,109,108,113,112,127,126,131,130,137,136,139,138,149,148,151,150,157,156,163,162,167,166,173,172,
P000525 ,41,40,43,42,47,46,53,52,59,58,61,60,67,66,71,70,73,72,79,78,83,82,89,88,97,96,101,100,103,102,107,106,109,108,113,112,127,126,131,130,137,136,139,138,149,148,151,150,157,156,163,162,167,166,173,172,
P000526 ,40,43,42,47,46,53,52,59,58,61,60,67,66,71,70,73,72,79,78,83,82,89,88,97,96,101,100,103,102,107,106,109,108,113,112,127,126,131,130,137,136,139,138,149,148,151,150,157,156,163,162,167,166,173,172,
P000527 ,43,42,47,46,53,52,59,58,61,60,67,66,71,70,73,72,79,78,83,82,89,88,97,96,101,100,103,102,107,106,109,108,113,112,127,126,131,130,137,136,139,138,149,148,151,150,157,156,163,162,167,166,173,172,
P000528 ,42,47,46,53,52,59,58,61,60,67,66,71,70,73,72,79,78,83,82,89,88,97,96,101,100,103,102,107,106,109,108,113,112,127,126,131,130,137,136,139,138,149,148,151,150,157,156,163,162,167,166,173,172,
P000529 ,47,46,53,52,59,58,61,60,67,66,71,70,73,72,79,78,83,82,89,88,97,96,101,100,103,102,107,106,109,108,113,112,127,126,131,130,137,136,139,138,149,148,151,150,157,156,163,162,167,166,173,172,
P000530 ,46,53,52,59,58,61,60,67,66,71,70,73,72,79,78,83,82,89,88,97,96,101,100,103,102,107,106,109,108,113,112,127,126,131,130,137,136,139,138,149,148,151,150,157,156,163,162,167,166,173,172,
P000531 ,53,52,59,58,61,60,67,66,71,70,73,72,79,78,83,82,89,88,97,96,101,100,103,102,107,106,109,108,113,112,127,126,131,130,137,136,139,138,149,148,151,150,157,156,163,162,167,166,173,172,
P000532 ,2,4,3,6,5,10,7,14,11,22,13,26,17,34,19,38,23,46,29,58,31,62,37,74,41,82,43,86,47,94,53,106,59,118,61,122,67,134,71,142,73,146,79,158,83,166,89,178,97,194,101,202,103,206,107,214,109,218,113,226,127,254,131,262,137,274,139,278,149,298,151,302,157,314,163,326,167,334,173,346,
P000533 ,4,3,6,5,10,7,14,11,22,13,26,17,34,19,38,23,46,29,58,31,62,37,74,41,82,43,86,47,94,53,106,59,118,61,122,67,134,71,142,73,146,79,158,83,166,89,178,97,194,101,202,103,206,107,214,109,218,113,226,127,254,131,262,137,274,139,278,149,298,151,302,157,314,163,326,167,334,173,346,
P000534 ,3,6,5,10,7,14,11,22,13,26,17,34,19,38,23,46,29,58,31,62,37,74,41,82,43,86,47,94,53,106,59,118,61,122,67,134,71,142,73,146,79,158,83,166,89,178,97,194,101,202,103,206,107,214,109,218,113,226,127,254,131,262,137,274,139,278,149,298,151,302,157,314,163,326,167,334,173,346,
P000535 ,6,5,10,7,14,11,22,13,26,17,34,19,38,23,46,29,58,31,62,37,74,41,82,43,86,47,94,53,106,59,118,61,122,67,134,71,142,73,146,79,158,83,166,89,178,97,194,101,202,103,206,107,214,109,218,113,226,127,254,131,262,137,274,139,278,149,298,151,302,157,314,163,326,167,334,173,346,
P000536 ,5,10,7,14,11,22,13,26,17,34,19,38,23,46,29,58,31,62,37,74,41,82,43,86,47,94,53,106,59,118,61,122,67,134,71,142,73,146,79,158,83,166,89,178,97,194,101,202,103,206,107,214,109,218,113,226,127,254,131,262,137,274,139,278,149,298,151,302,157,314,163,326,167,334,173,346,
P000537 ,10,7,14,11,22,13,26,17,34,19,38,23,46,29,58,31,62,37,74,41,82,43,86,47,94,53,106,59,118,61,122,67,134,71,142,73,146,79,158,83,166,89,178,97,194,101,202,103,206,107,214,109,218,113,226,127,254,131,262,137,274,139,278,149,298,151,302,157,314,163,326,167,334,173,346,
P000538 ,7,14,11,22,13,26,17,34,19,38,23,46,29,58,31,62,37,74,41,82,43,86,47,94,53,106,59,118,61,122,67,134,71,142,73,146,79,158,83,166,89,178,97,194,101,202,103,206,107,214,109,218,113,226,127,254,131,262,137,274,139,278,149,298,151,302,157,314,163,326,167,334,173,346,
P000539 ,14,11,22,13,26,17,34,19,38,23,46,29,58,31,62,37,74,41,82,43,86,47,94,53,106,59,118,61,122,67,134,71,142,73,146,79,158,83,166,89,178,97,194,101,202,103,206,107,214,109,218,113,226,127,254,131,262,137,274,139,278,149,298,151,302,157,314,163,326,167,334,173,346,
P000540 ,11,22,13,26,17,34,19,38,23,46,29,58,31,62,37,74,41,82,43,86,47,94,53,106,59,118,61,122,67,134,71,142,73,146,79,158,83,166,89,178,97,194,101,202,103,206,107,214,109,218,113,226,127,254,131,262,137,274,139,278,149,298,151,302,157,314,163,326,167,334,173,346,
P000541 ,22,13,26,17,34,19,38,23,46,29,58,31,62,37,74,41,82,43,86,47,94,53,106,59,118,61,122,67,134,71,142,73,146,79,158,83,166,89,178,97,194,101,202,103,206,107,214,109,218,113,226,127,254,131,262,137,274,139,278,149,298,151,302,157,314,163,326,167,334,173,346,
P000542 ,13,26,17,34,19,38,23,46,29,58,31,62,37,74,41,82,43,86,47,94,53,106,59,118,61,122,67,134,71,142,73,146,79,158,83,166,89,178,97,194,101,202,103,206,107,214,109,218,113,226,127,254,131,262,137,274,139,278,149,298,151,302,157,314,163,326,167,334,173,346,
P000543 ,26,17,34,19,38,23,46,29,58,31,62,37,74,41,82,43,86,47,94,53,106,59,118,61,122,67,134,71,142,73,146,79,158,83,166,89,178,97,194,101,202,103,206,107,214,109,218,113,226,127,254,131,262,137,274,139,278,149,298,151,302,157,314,163,326,167,334,173,346,
P000544 ,17,34,19,38,23,46,29,58,31,62,37,74,41,82,43,86,47,94,53,106,59,118,61,122,67,134,71,142,73,146,79,158,83,166,89,178,97,194,101,202,103,206,107,214,109,218,113,226,127,254,131,262,137,274,139,278,149,298,151,302,157,314,163,326,167,334,173,346,
P000545 ,34,19,38,23,46,29,58,31,62,37,74,41,82,43,86,47,94,53,106,59,118,61,122,67,134,71,142,73,146,79,158,83,166,89,178,97,194,101,202,103,206,107,214,109,218,113,226,127,254,131,262,137,274,139,278,149,298,151,302,157,314,163,326,167,334,173,346,
P000546 ,19,38,23,46,29,58,31,62,37,74,41,82,43,86,47,94,53,106,59,118,61,122,67,134,71,142,73,146,79,158,83,166,89,178,97,194,101,202,103,206,107,214,109,218,113,226,127,254,131,262,137,274,139,278,149,298,151,302,157,314,163,326,167,334,173,346,
P000547 ,38,23,46,29,58,31,62,37,74,41,82,43,86,47,94,53,106,59,118,61,122,67,134,71,142,73,146,79,158,83,166,89,178,97,194,101,202,103,206,107,214,109,218,113,226,127,254,131,262,137,274,139,278,149,298,151,302,157,314,163,326,167,334,173,346,
P000548 ,23,46,29,58,31,62,37,74,41,82,43,86,47,94,53,106,59,118,61,122,67,134,71,142,73,146,79,158,83,166,89,178,97,194,101,202,103,206,107,214,109,218,113,226,127,254,131,262,137,274,139,278,149,298,151,302,157,314,163,326,167,334,173,346,
P000549 ,46,29,58,31,62,37,74,41,82,43,86,47,94,53,106,59,118,61,122,67,134,71,142,73,146,79,158,83,166,89,178,97,194,101,202,103,206,107,214,109,218,113,226,127,254,131,262,137,274,139,278,149,298,151,302,157,314,163,326,167,334,173,346,
P000550 ,29,58,31,62,37,74,41,82,43,86,47,94,53,106,59,118,61,122,67,134,71,142,73,146,79,158,83,166,89,178,97,194,101,202,103,206,107,214,109,218,113,226,127,254,131,262,137,274,139,278,149,298,151,302,157,314,163,326,167,334,173,346,
P000551 ,58,31,62,37,74,41,82,43,86,47,94,53,106,59,118,61,122,67,134,71,142,73,146,79,158,83,166,89,178,97,194,101,202,103,206,107,214,109,218,113,226,127,254,131,262,137,274,139,278,149,298,151,302,157,314,163,326,167,334,173,346,
P000552 ,31,62,37,74,41,82,43,86,47,94,53,106,59,118,61,122,67,134,71,142,73,146,79,158,83,166,89,178,97,194,101,202,103,206,107,214,109,218,113,226,127,254,131,262,137,274,139,278,149,298,151,302,157,314,163,326,167,334,173,346,
P000553 ,62,37,74,41,82,43,86,47,94,53,106,59,118,61,122,67,134,71,142,73,146,79,158,83,166,89,178,97,194,101,202,103,206,107,214,109,218,113,226,127,254,131,262,137,274,139,278,149,298,151,302,157,314,163,326,167,334,173,346,
P000554 ,37,74,41,82,43,86,47,94,53,106,59,118,61,122,67,134,71,142,73,146,79,158,83,166,89,178,97,194,101,202,103,206,107,214,109,218,113,226,127,254,131,262,137,274,139,278,149,298,151,302,157,314,163,326,167,334,173,346,
P000555 ,74,41,82,43,86,47,94,53,106,59,118,61,122,67,134,71,142,73,146,79,158,83,166,89,178,97,194,101,202,103,206,107,214,109,218,113,226,127,254,131,262,137,274,139,278,149,298,151,302,157,314,163,326,167,334,173,346,
P000556 ,41,82,43,86,47,94,53,106,59,118,61,122,67,134,71,142,73,146,79,158,83,166,89,178,97,194,101,202,103,206,107,214,109,218,113,226,127,254,131,262,137,274,139,278,149,298,151,302,157,314,163,326,167,334,173,346,
P000557 ,82,43,86,47,94,53,106,59,118,61,122,67,134,71,142,73,146,79,158,83,166,89,178,97,194,101,202,103,206,107,214,109,218,113,226,127,254,131,262,137,274,139,278,149,298,151,302,157,314,163,326,167,334,173,346,
P000558 ,43,86,47,94,53,106,59,118,61,122,67,134,71,142,73,146,79,158,83,166,89,178,97,194,101,202,103,206,107,214,109,218,113,226,127,254,131,262,137,274,139,278,149,298,151,302,157,314,163,326,167,334,173,346,
P000559 ,86,47,94,53,106,59,118,61,122,67,134,71,142,73,146,79,158,83,166,89,178,97,194,101,202,103,206,107,214,109,218,113,226,127,254,131,262,137,274,139,278,149,298,151,302,157,314,163,326,167,334,173,346,
P000560 ,47,94,53,106,59,118,61,122,67,134,71,142,73,146,79,158,83,166,89,178,97,194,101,202,103,206,107,214,109,218,113,226,127,254,131,262,137,274,139,278,149,298,151,302,157,314,163,326,167,334,173,346,
P000561 ,94,53,106,59,118,61,122,67,134,71,142,73,146,79,158,83,166,89,178,97,194,101,202,103,206,107,214,109,218,113,226,127,254,131,262,137,274,139,278,149,298,151,302,157,314,163,326,167,334,173,346,
P000562 ,53,106,59,118,61,122,67,134,71,142,73,146,79,158,83,166,89,178,97,194,101,202,103,206,107,214,109,218,113,226,127,254,131,262,137,274,139,278,149,298,151,302,157,314,163,326,167,334,173,346,
P000563 ,3,1,5,2,11,2,17,4,29,2,41,4,59,2,71,4,101,6,107,2,137,6,149,4,179,2,191,4,197,6,227,6,239,2,269,6,281,4,311,2,347,6,419,4,431,6,461,8,521,4,569,2,599,4,617,2,641,4,659,14,809,4,821,6,827,2,857,10,881,2,1019,6,1031,6,1049,4,1061,6,1091,6,
P000564 ,1,5,2,11,2,17,4,29,2,41,4,59,2,71,4,101,6,107,2,137,6,149,4,179,2,191,4,197,6,227,6,239,2,269,6,281,4,311,2,347,6,419,4,431,6,461,8,521,4,569,2,599,4,617,2,641,4,659,14,809,4,821,6,827,2,857,10,881,2,1019,6,1031,6,1049,4,1061,6,1091,6,
P000565 ,5,2,11,2,17,4,29,2,41,4,59,2,71,4,101,6,107,2,137,6,149,4,179,2,191,4,197,6,227,6,239,2,269,6,281,4,311,2,347,6,419,4,431,6,461,8,521,4,569,2,599,4,617,2,641,4,659,14,809,4,821,6,827,2,857,10,881,2,1019,6,1031,6,1049,4,1061,6,1091,6,
P000566 ,2,11,2,17,4,29,2,41,4,59,2,71,4,101,6,107,2,137,6,149,4,179,2,191,4,197,6,227,6,239,2,269,6,281,4,311,2,347,6,419,4,431,6,461,8,521,4,569,2,599,4,617,2,641,4,659,14,809,4,821,6,827,2,857,10,881,2,1019,6,1031,6,1049,4,1061,6,1091,6,
P000567 ,11,2,17,4,29,2,41,4,59,2,71,4,101,6,107,2,137,6,149,4,179,2,191,4,197,6,227,6,239,2,269,6,281,4,311,2,347,6,419,4,431,6,461,8,521,4,569,2,599,4,617,2,641,4,659,14,809,4,821,6,827,2,857,10,881,2,1019,6,1031,6,1049,4,1061,6,1091,6,
P000568 ,2,17,4,29,2,41,4,59,2,71,4,101,6,107,2,137,6,149,4,179,2,191,4,197,6,227,6,239,2,269,6,281,4,311,2,347,6,419,4,431,6,461,8,521,4,569,2,599,4,617,2,641,4,659,14,809,4,821,6,827,2,857,10,881,2,1019,6,1031,6,1049,4,1061,6,1091,6,
P000569 ,17,4,29,2,41,4,59,2,71,4,101,6,107,2,137,6,149,4,179,2,191,4,197,6,227,6,239,2,269,6,281,4,311,2,347,6,419,4,431,6,461,8,521,4,569,2,599,4,617,2,641,4,659,14,809,4,821,6,827,2,857,10,881,2,1019,6,1031,6,1049,4,1061,6,1091,6,
P000570 ,4,29,2,41,4,59,2,71,4,101,6,107,2,137,6,149,4,179,2,191,4,197,6,227,6,239,2,269,6,281,4,311,2,347,6,419,4,431,6,461,8,521,4,569,2,599,4,617,2,641,4,659,14,809,4,821,6,827,2,857,10,881,2,1019,6,1031,6,1049,4,1061,6,1091,6,
P000571 ,29,2,41,4,59,2,71,4,101,6,107,2,137,6,149,4,179,2,191,4,197,6,227,6,239,2,269,6,281,4,311,2,347,6,419,4,431,6,461,8,521,4,569,2,599,4,617,2,641,4,659,14,809,4,821,6,827,2,857,10,881,2,1019,6,1031,6,1049,4,1061,6,1091,6,
P000572 ,2,41,4,59,2,71,4,101,6,107,2,137,6,149,4,179,2,191,4,197,6,227,6,239,2,269,6,281,4,311,2,347,6,419,4,431,6,461,8,521,4,569,2,599,4,617,2,641,4,659,14,809,4,821,6,827,2,857,10,881,2,1019,6,1031,6,1049,4,1061,6,1091,6,
P000573 ,41,4,59,2,71,4,101,6,107,2,137,6,149,4,179,2,191,4,197,6,227,6,239,2,269,6,281,4,311,2,347,6,419,4,431,6,461,8,521,4,569,2,599,4,617,2,641,4,659,14,809,4,821,6,827,2,857,10,881,2,1019,6,1031,6,1049,4,1061,6,1091,6,
P000574 ,4,59,2,71,4,101,6,107,2,137,6,149,4,179,2,191,4,197,6,227,6,239,2,269,6,281,4,311,2,347,6,419,4,431,6,461,8,521,4,569,2,599,4,617,2,641,4,659,14,809,4,821,6,827,2,857,10,881,2,1019,6,1031,6,1049,4,1061,6,1091,6,
P000575 ,59,2,71,4,101,6,107,2,137,6,149,4,179,2,191,4,197,6,227,6,239,2,269,6,281,4,311,2,347,6,419,4,431,6,461,8,521,4,569,2,599,4,617,2,641,4,659,14,809,4,821,6,827,2,857,10,881,2,1019,6,1031,6,1049,4,1061,6,1091,6,
P000576 ,2,71,4,101,6,107,2,137,6,149,4,179,2,191,4,197,6,227,6,239,2,269,6,281,4,311,2,347,6,419,4,431,6,461,8,521,4,569,2,599,4,617,2,641,4,659,14,809,4,821,6,827,2,857,10,881,2,1019,6,1031,6,1049,4,1061,6,1091,6,
P000577 ,71,4,101,6,107,2,137,6,149,4,179,2,191,4,197,6,227,6,239,2,269,6,281,4,311,2,347,6,419,4,431,6,461,8,521,4,569,2,599,4,617,2,641,4,659,14,809,4,821,6,827,2,857,10,881,2,1019,6,1031,6,1049,4,1061,6,1091,6,
P000578 ,4,101,6,107,2,137,6,149,4,179,2,191,4,197,6,227,6,239,2,269,6,281,4,311,2,347,6,419,4,431,6,461,8,521,4,569,2,599,4,617,2,641,4,659,14,809,4,821,6,827,2,857,10,881,2,1019,6,1031,6,1049,4,1061,6,1091,6,
P000579 ,101,6,107,2,137,6,149,4,179,2,191,4,197,6,227,6,239,2,269,6,281,4,311,2,347,6,419,4,431,6,461,8,521,4,569,2,599,4,617,2,641,4,659,14,809,4,821,6,827,2,857,10,881,2,1019,6,1031,6,1049,4,1061,6,1091,6,
P000580 ,6,107,2,137,6,149,4,179,2,191,4,197,6,227,6,239,2,269,6,281,4,311,2,347,6,419,4,431,6,461,8,521,4,569,2,599,4,617,2,641,4,659,14,809,4,821,6,827,2,857,10,881,2,1019,6,1031,6,1049,4,1061,6,1091,6,
P000581 ,107,2,137,6,149,4,179,2,191,4,197,6,227,6,239,2,269,6,281,4,311,2,347,6,419,4,431,6,461,8,521,4,569,2,599,4,617,2,641,4,659,14,809,4,821,6,827,2,857,10,881,2,1019,6,1031,6,1049,4,1061,6,1091,6,
P000582 ,2,137,6,149,4,179,2,191,4,197,6,227,6,239,2,269,6,281,4,311,2,347,6,419,4,431,6,461,8,521,4,569,2,599,4,617,2,641,4,659,14,809,4,821,6,827,2,857,10,881,2,1019,6,1031,6,1049,4,1061,6,1091,6,
P000583 ,137,6,149,4,179,2,191,4,197,6,227,6,239,2,269,6,281,4,311,2,347,6,419,4,431,6,461,8,521,4,569,2,599,4,617,2,641,4,659,14,809,4,821,6,827,2,857,10,881,2,1019,6,1031,6,1049,4,1061,6,1091,6,
P000584 ,6,149,4,179,2,191,4,197,6,227,6,239,2,269,6,281,4,311,2,347,6,419,4,431,6,461,8,521,4,569,2,599,4,617,2,641,4,659,14,809,4,821,6,827,2,857,10,881,2,1019,6,1031,6,1049,4,1061,6,1091,6,
P000585 ,149,4,179,2,191,4,197,6,227,6,239,2,269,6,281,4,311,2,347,6,419,4,431,6,461,8,521,4,569,2,599,4,617,2,641,4,659,14,809,4,821,6,827,2,857,10,881,2,1019,6,1031,6,1049,4,1061,6,1091,6,
P000586 ,4,179,2,191,4,197,6,227,6,239,2,269,6,281,4,311,2,347,6,419,4,431,6,461,8,521,4,569,2,599,4,617,2,641,4,659,14,809,4,821,6,827,2,857,10,881,2,1019,6,1031,6,1049,4,1061,6,1091,6,
P000587 ,179,2,191,4,197,6,227,6,239,2,269,6,281,4,311,2,347,6,419,4,431,6,461,8,521,4,569,2,599,4,617,2,641,4,659,14,809,4,821,6,827,2,857,10,881,2,1019,6,1031,6,1049,4,1061,6,1091,6,
P000588 ,2,191,4,197,6,227,6,239,2,269,6,281,4,311,2,347,6,419,4,431,6,461,8,521,4,569,2,599,4,617,2,641,4,659,14,809,4,821,6,827,2,857,10,881,2,1019,6,1031,6,1049,4,1061,6,1091,6,
P000589 ,191,4,197,6,227,6,239,2,269,6,281,4,311,2,347,6,419,4,431,6,461,8,521,4,569,2,599,4,617,2,641,4,659,14,809,4,821,6,827,2,857,10,881,2,1019,6,1031,6,1049,4,1061,6,1091,6,
P000590 ,4,197,6,227,6,239,2,269,6,281,4,311,2,347,6,419,4,431,6,461,8,521,4,569,2,599,4,617,2,641,4,659,14,809,4,821,6,827,2,857,10,881,2,1019,6,1031,6,1049,4,1061,6,1091,6,
P000591 ,197,6,227,6,239,2,269,6,281,4,311,2,347,6,419,4,431,6,461,8,521,4,569,2,599,4,617,2,641,4,659,14,809,4,821,6,827,2,857,10,881,2,1019,6,1031,6,1049,4,1061,6,1091,6,
P000592 ,6,227,6,239,2,269,6,281,4,311,2,347,6,419,4,431,6,461,8,521,4,569,2,599,4,617,2,641,4,659,14,809,4,821,6,827,2,857,10,881,2,1019,6,1031,6,1049,4,1061,6,1091,6,
P000593 ,227,6,239,2,269,6,281,4,311,2,347,6,419,4,431,6,461,8,521,4,569,2,599,4,617,2,641,4,659,14,809,4,821,6,827,2,857,10,881,2,1019,6,1031,6,1049,4,1061,6,1091,6,
P000594 ,7,1,13,2,19,2,37,4,43,2,67,4,79,2,97,4,103,6,109,2,127,6,163,4,193,2,223,4,229,6,277,6,307,2,313,6,349,4,379,2,397,6,439,4,457,6,463,8,487,4,499,2,613,4,643,2,673,4,739,14,757,4,769,6,823,2,853,10,859,2,877,6,883,6,907,4,937,6,967,6,
P000595 ,1,13,2,19,2,37,4,43,2,67,4,79,2,97,4,103,6,109,2,127,6,163,4,193,2,223,4,229,6,277,6,307,2,313,6,349,4,379,2,397,6,439,4,457,6,463,8,487,4,499,2,613,4,643,2,673,4,739,14,757,4,769,6,823,2,853,10,859,2,877,6,883,6,907,4,937,6,967,6,
P000596 ,13,2,19,2,37,4,43,2,67,4,79,2,97,4,103,6,109,2,127,6,163,4,193,2,223,4,229,6,277,6,307,2,313,6,349,4,379,2,397,6,439,4,457,6,463,8,487,4,499,2,613,4,643,2,673,4,739,14,757,4,769,6,823,2,853,10,859,2,877,6,883,6,907,4,937,6,967,6,
P000597 ,2,19,2,37,4,43,2,67,4,79,2,97,4,103,6,109,2,127,6,163,4,193,2,223,4,229,6,277,6,307,2,313,6,349,4,379,2,397,6,439,4,457,6,463,8,487,4,499,2,613,4,643,2,673,4,739,14,757,4,769,6,823,2,853,10,859,2,877,6,883,6,907,4,937,6,967,6,
P000598 ,19,2,37,4,43,2,67,4,79,2,97,4,103,6,109,2,127,6,163,4,193,2,223,4,229,6,277,6,307,2,313,6,349,4,379,2,397,6,439,4,457,6,463,8,487,4,499,2,613,4,643,2,673,4,739,14,757,4,769,6,823,2,853,10,859,2,877,6,883,6,907,4,937,6,967,6,
P000599 ,2,37,4,43,2,67,4,79,2,97,4,103,6,109,2,127,6,163,4,193,2,223,4,229,6,277,6,307,2,313,6,349,4,379,2,397,6,439,4,457,6,463,8,487,4,499,2,613,4,643,2,673,4,739,14,757,4,769,6,823,2,853,10,859,2,877,6,883,6,907,4,937,6,967,6,
P000600 ,37,4,43,2,67,4,79,2,97,4,103,6,109,2,127,6,163,4,193,2,223,4,229,6,277,6,307,2,313,6,349,4,379,2,397,6,439,4,457,6,463,8,487,4,499,2,613,4,643,2,673,4,739,14,757,4,769,6,823,2,853,10,859,2,877,6,883,6,907,4,937,6,967,6,
P000601 ,4,43,2,67,4,79,2,97,4,103,6,109,2,127,6,163,4,193,2,223,4,229,6,277,6,307,2,313,6,349,4,379,2,397,6,439,4,457,6,463,8,487,4,499,2,613,4,643,2,673,4,739,14,757,4,769,6,823,2,853,10,859,2,877,6,883,6,907,4,937,6,967,6,
P000602 ,43,2,67,4,79,2,97,4,103,6,109,2,127,6,163,4,193,2,223,4,229,6,277,6,307,2,313,6,349,4,379,2,397,6,439,4,457,6,463,8,487,4,499,2,613,4,643,2,673,4,739,14,757,4,769,6,823,2,853,10,859,2,877,6,883,6,907,4,937,6,967,6,
P000603 ,2,67,4,79,2,97,4,103,6,109,2,127,6,163,4,193,2,223,4,229,6,277,6,307,2,313,6,349,4,379,2,397,6,439,4,457,6,463,8,487,4,499,2,613,4,643,2,673,4,739,14,757,4,769,6,823,2,853,10,859,2,877,6,883,6,907,4,937,6,967,6,
P000604 ,67,4,79,2,97,4,103,6,109,2,127,6,163,4,193,2,223,4,229,6,277,6,307,2,313,6,349,4,379,2,397,6,439,4,457,6,463,8,487,4,499,2,613,4,643,2,673,4,739,14,757,4,769,6,823,2,853,10,859,2,877,6,883,6,907,4,937,6,967,6,
P000605 ,4,79,2,97,4,103,6,109,2,127,6,163,4,193,2,223,4,229,6,277,6,307,2,313,6,349,4,379,2,397,6,439,4,457,6,463,8,487,4,499,2,613,4,643,2,673,4,739,14,757,4,769,6,823,2,853,10,859,2,877,6,883,6,907,4,937,6,967,6,
P000606 ,79,2,97,4,103,6,109,2,127,6,163,4,193,2,223,4,229,6,277,6,307,2,313,6,349,4,379,2,397,6,439,4,457,6,463,8,487,4,499,2,613,4,643,2,673,4,739,14,757,4,769,6,823,2,853,10,859,2,877,6,883,6,907,4,937,6,967,6,
P000607 ,2,97,4,103,6,109,2,127,6,163,4,193,2,223,4,229,6,277,6,307,2,313,6,349,4,379,2,397,6,439,4,457,6,463,8,487,4,499,2,613,4,643,2,673,4,739,14,757,4,769,6,823,2,853,10,859,2,877,6,883,6,907,4,937,6,967,6,
P000608 ,97,4,103,6,109,2,127,6,163,4,193,2,223,4,229,6,277,6,307,2,313,6,349,4,379,2,397,6,439,4,457,6,463,8,487,4,499,2,613,4,643,2,673,4,739,14,757,4,769,6,823,2,853,10,859,2,877,6,883,6,907,4,937,6,967,6,
P000609 ,4,103,6,109,2,127,6,163,4,193,2,223,4,229,6,277,6,307,2,313,6,349,4,379,2,397,6,439,4,457,6,463,8,487,4,499,2,613,4,643,2,673,4,739,14,757,4,769,6,823,2,853,10,859,2,877,6,883,6,907,4,937,6,967,6,
P000610 ,103,6,109,2,127,6,163,4,193,2,223,4,229,6,277,6,307,2,313,6,349,4,379,2,397,6,439,4,457,6,463,8,487,4,499,2,613,4,643,2,673,4,739,14,757,4,769,6,823,2,853,10,859,2,877,6,883,6,907,4,937,6,967,6,
P000611 ,6,109,2,127,6,163,4,193,2,223,4,229,6,277,6,307,2,313,6,349,4,379,2,397,6,439,4,457,6,463,8,487,4,499,2,613,4,643,2,673,4,739,14,757,4,769,6,823,2,853,10,859,2,877,6,883,6,907,4,937,6,967,6,
P000612 ,109,2,127,6,163,4,193,2,223,4,229,6,277,6,307,2,313,6,349,4,379,2,397,6,439,4,457,6,463,8,487,4,499,2,613,4,643,2,673,4,739,14,757,4,769,6,823,2,853,10,859,2,877,6,883,6,907,4,937,6,967,6,
P000613 ,2,127,6,163,4,193,2,223,4,229,6,277,6,307,2,313,6,349,4,379,2,397,6,439,4,457,6,463,8,487,4,499,2,613,4,643,2,673,4,739,14,757,4,769,6,823,2,853,10,859,2,877,6,883,6,907,4,937,6,967,6,
P000614 ,127,6,163,4,193,2,223,4,229,6,277,6,307,2,313,6,349,4,379,2,397,6,439,4,457,6,463,8,487,4,499,2,613,4,643,2,673,4,739,14,757,4,769,6,823,2,853,10,859,2,877,6,883,6,907,4,937,6,967,6,
P000615 ,6,163,4,193,2,223,4,229,6,277,6,307,2,313,6,349,4,379,2,397,6,439,4,457,6,463,8,487,4,499,2,613,4,643,2,673,4,739,14,757,4,769,6,823,2,853,10,859,2,877,6,883,6,907,4,937,6,967,6,
P000616 ,163,4,193,2,223,4,229,6,277,6,307,2,313,6,349,4,379,2,397,6,439,4,457,6,463,8,487,4,499,2,613,4,643,2,673,4,739,14,757,4,769,6,823,2,853,10,859,2,877,6,883,6,907,4,937,6,967,6,
P000617 ,4,193,2,223,4,229,6,277,6,307,2,313,6,349,4,379,2,397,6,439,4,457,6,463,8,487,4,499,2,613,4,643,2,673,4,739,14,757,4,769,6,823,2,853,10,859,2,877,6,883,6,907,4,937,6,967,6,
P000618 ,193,2,223,4,229,6,277,6,307,2,313,6,349,4,379,2,397,6,439,4,457,6,463,8,487,4,499,2,613,4,643,2,673,4,739,14,757,4,769,6,823,2,853,10,859,2,877,6,883,6,907,4,937,6,967,6,
P000619 ,2,223,4,229,6,277,6,307,2,313,6,349,4,379,2,397,6,439,4,457,6,463,8,487,4,499,2,613,4,643,2,673,4,739,14,757,4,769,6,823,2,853,10,859,2,877,6,883,6,907,4,937,6,967,6,
P000620 ,223,4,229,6,277,6,307,2,313,6,349,4,379,2,397,6,439,4,457,6,463,8,487,4,499,2,613,4,643,2,673,4,739,14,757,4,769,6,823,2,853,10,859,2,877,6,883,6,907,4,937,6,967,6,
P000621 ,4,229,6,277,6,307,2,313,6,349,4,379,2,397,6,439,4,457,6,463,8,487,4,499,2,613,4,643,2,673,4,739,14,757,4,769,6,823,2,853,10,859,2,877,6,883,6,907,4,937,6,967,6,
P000622 ,229,6,277,6,307,2,313,6,349,4,379,2,397,6,439,4,457,6,463,8,487,4,499,2,613,4,643,2,673,4,739,14,757,4,769,6,823,2,853,10,859,2,877,6,883,6,907,4,937,6,967,6,
P000623 ,6,277,6,307,2,313,6,349,4,379,2,397,6,439,4,457,6,463,8,487,4,499,2,613,4,643,2,673,4,739,14,757,4,769,6,823,2,853,10,859,2,877,6,883,6,907,4,937,6,967,6,
P000624 ,277,6,307,2,313,6,349,4,379,2,397,6,439,4,457,6,463,8,487,4,499,2,613,4,643,2,673,4,739,14,757,4,769,6,823,2,853,10,859,2,877,6,883,6,907,4,937,6,967,6,
P000625 ,23,1,31,2,47,2,53,4,61,2,73,4,83,2,131,4,151,6,157,2,167,6,173,4,233,2,251,4,257,6,263,6,271,2,331,6,353,4,367,2,373,6,383,4,433,6,443,8,503,4,541,2,557,4,563,2,571,4,587,14,593,4,601,6,607,2,647,10,653,2,677,6,727,6,733,4,751,6,941,6,
P000626 ,1,31,2,47,2,53,4,61,2,73,4,83,2,131,4,151,6,157,2,167,6,173,4,233,2,251,4,257,6,263,6,271,2,331,6,353,4,367,2,373,6,383,4,433,6,443,8,503,4,541,2,557,4,563,2,571,4,587,14,593,4,601,6,607,2,647,10,653,2,677,6,727,6,733,4,751,6,941,6,
P000627 ,31,2,47,2,53,4,61,2,73,4,83,2,131,4,151,6,157,2,167,6,173,4,233,2,251,4,257,6,263,6,271,2,331,6,353,4,367,2,373,6,383,4,433,6,443,8,503,4,541,2,557,4,563,2,571,4,587,14,593,4,601,6,607,2,647,10,653,2,677,6,727,6,733,4,751,6,941,6,
P000628 ,2,47,2,53,4,61,2,73,4,83,2,131,4,151,6,157,2,167,6,173,4,233,2,251,4,257,6,263,6,271,2,331,6,353,4,367,2,373,6,383,4,433,6,443,8,503,4,541,2,557,4,563,2,571,4,587,14,593,4,601,6,607,2,647,10,653,2,677,6,727,6,733,4,751,6,941,6,
P000629 ,47,2,53,4,61,2,73,4,83,2,131,4,151,6,157,2,167,6,173,4,233,2,251,4,257,6,263,6,271,2,331,6,353,4,367,2,373,6,383,4,433,6,443,8,503,4,541,2,557,4,563,2,571,4,587,14,593,4,601,6,607,2,647,10,653,2,677,6,727,6,733,4,751,6,941,6,
P000630 ,2,53,4,61,2,73,4,83,2,131,4,151,6,157,2,167,6,173,4,233,2,251,4,257,6,263,6,271,2,331,6,353,4,367,2,373,6,383,4,433,6,443,8,503,4,541,2,557,4,563,2,571,4,587,14,593,4,601,6,607,2,647,10,653,2,677,6,727,6,733,4,751,6,941,6,
P000631 ,53,4,61,2,73,4,83,2,131,4,151,6,157,2,167,6,173,4,233,2,251,4,257,6,263,6,271,2,331,6,353,4,367,2,373,6,383,4,433,6,443,8,503,4,541,2,557,4,563,2,571,4,587,14,593,4,601,6,607,2,647,10,653,2,677,6,727,6,733,4,751,6,941,6,
P000632 ,4,61,2,73,4,83,2,131,4,151,6,157,2,167,6,173,4,233,2,251,4,257,6,263,6,271,2,331,6,353,4,367,2,373,6,383,4,433,6,443,8,503,4,541,2,557,4,563,2,571,4,587,14,593,4,601,6,607,2,647,10,653,2,677,6,727,6,733,4,751,6,941,6,
P000633 ,61,2,73,4,83,2,131,4,151,6,157,2,167,6,173,4,233,2,251,4,257,6,263,6,271,2,331,6,353,4,367,2,373,6,383,4,433,6,443,8,503,4,541,2,557,4,563,2,571,4,587,14,593,4,601,6,607,2,647,10,653,2,677,6,727,6,733,4,751,6,941,6,
P000634 ,2,73,4,83,2,131,4,151,6,157,2,167,6,173,4,233,2,251,4,257,6,263,6,271,2,331,6,353,4,367,2,373,6,383,4,433,6,443,8,503,4,541,2,557,4,563,2,571,4,587,14,593,4,601,6,607,2,647,10,653,2,677,6,727,6,733,4,751,6,941,6,
P000635 ,73,4,83,2,131,4,151,6,157,2,167,6,173,4,233,2,251,4,257,6,263,6,271,2,331,6,353,4,367,2,373,6,383,4,433,6,443,8,503,4,541,2,557,4,563,2,571,4,587,14,593,4,601,6,607,2,647,10,653,2,677,6,727,6,733,4,751,6,941,6,
P000636 ,4,83,2,131,4,151,6,157,2,167,6,173,4,233,2,251,4,257,6,263,6,271,2,331,6,353,4,367,2,373,6,383,4,433,6,443,8,503,4,541,2,557,4,563,2,571,4,587,14,593,4,601,6,607,2,647,10,653,2,677,6,727,6,733,4,751,6,941,6,
P000637 ,83,2,131,4,151,6,157,2,167,6,173,4,233,2,251,4,257,6,263,6,271,2,331,6,353,4,367,2,373,6,383,4,433,6,443,8,503,4,541,2,557,4,563,2,571,4,587,14,593,4,601,6,607,2,647,10,653,2,677,6,727,6,733,4,751,6,941,6,
P000638 ,2,131,4,151,6,157,2,167,6,173,4,233,2,251,4,257,6,263,6,271,2,331,6,353,4,367,2,373,6,383,4,433,6,443,8,503,4,541,2,557,4,563,2,571,4,587,14,593,4,601,6,607,2,647,10,653,2,677,6,727,6,733,4,751,6,941,6,
P000639 ,131,4,151,6,157,2,167,6,173,4,233,2,251,4,257,6,263,6,271,2,331,6,353,4,367,2,373,6,383,4,433,6,443,8,503,4,541,2,557,4,563,2,571,4,587,14,593,4,601,6,607,2,647,10,653,2,677,6,727,6,733,4,751,6,941,6,
P000640 ,4,151,6,157,2,167,6,173,4,233,2,251,4,257,6,263,6,271,2,331,6,353,4,367,2,373,6,383,4,433,6,443,8,503,4,541,2,557,4,563,2,571,4,587,14,593,4,601,6,607,2,647,10,653,2,677,6,727,6,733,4,751,6,941,6,
P000641 ,151,6,157,2,167,6,173,4,233,2,251,4,257,6,263,6,271,2,331,6,353,4,367,2,373,6,383,4,433,6,443,8,503,4,541,2,557,4,563,2,571,4,587,14,593,4,601,6,607,2,647,10,653,2,677,6,727,6,733,4,751,6,941,6,
P000642 ,6,157,2,167,6,173,4,233,2,251,4,257,6,263,6,271,2,331,6,353,4,367,2,373,6,383,4,433,6,443,8,503,4,541,2,557,4,563,2,571,4,587,14,593,4,601,6,607,2,647,10,653,2,677,6,727,6,733,4,751,6,941,6,
P000643 ,157,2,167,6,173,4,233,2,251,4,257,6,263,6,271,2,331,6,353,4,367,2,373,6,383,4,433,6,443,8,503,4,541,2,557,4,563,2,571,4,587,14,593,4,601,6,607,2,647,10,653,2,677,6,727,6,733,4,751,6,941,6,
P000644 ,2,167,6,173,4,233,2,251,4,257,6,263,6,271,2,331,6,353,4,367,2,373,6,383,4,433,6,443,8,503,4,541,2,557,4,563,2,571,4,587,14,593,4,601,6,607,2,647,10,653,2,677,6,727,6,733,4,751,6,941,6,
P000645 ,167,6,173,4,233,2,251,4,257,6,263,6,271,2,331,6,353,4,367,2,373,6,383,4,433,6,443,8,503,4,541,2,557,4,563,2,571,4,587,14,593,4,601,6,607,2,647,10,653,2,677,6,727,6,733,4,751,6,941,6,
P000646 ,6,173,4,233,2,251,4,257,6,263,6,271,2,331,6,353,4,367,2,373,6,383,4,433,6,443,8,503,4,541,2,557,4,563,2,571,4,587,14,593,4,601,6,607,2,647,10,653,2,677,6,727,6,733,4,751,6,941,6,
P000647 ,173,4,233,2,251,4,257,6,263,6,271,2,331,6,353,4,367,2,373,6,383,4,433,6,443,8,503,4,541,2,557,4,563,2,571,4,587,14,593,4,601,6,607,2,647,10,653,2,677,6,727,6,733,4,751,6,941,6,
P000648 ,4,233,2,251,4,257,6,263,6,271,2,331,6,353,4,367,2,373,6,383,4,433,6,443,8,503,4,541,2,557,4,563,2,571,4,587,14,593,4,601,6,607,2,647,10,653,2,677,6,727,6,733,4,751,6,941,6,
P000649 ,233,2,251,4,257,6,263,6,271,2,331,6,353,4,367,2,373,6,383,4,433,6,443,8,503,4,541,2,557,4,563,2,571,4,587,14,593,4,601,6,607,2,647,10,653,2,677,6,727,6,733,4,751,6,941,6,
P000650 ,2,251,4,257,6,263,6,271,2,331,6,353,4,367,2,373,6,383,4,433,6,443,8,503,4,541,2,557,4,563,2,571,4,587,14,593,4,601,6,607,2,647,10,653,2,677,6,727,6,733,4,751,6,941,6,
P000651 ,251,4,257,6,263,6,271,2,331,6,353,4,367,2,373,6,383,4,433,6,443,8,503,4,541,2,557,4,563,2,571,4,587,14,593,4,601,6,607,2,647,10,653,2,677,6,727,6,733,4,751,6,941,6,
P000652 ,4,257,6,263,6,271,2,331,6,353,4,367,2,373,6,383,4,433,6,443,8,503,4,541,2,557,4,563,2,571,4,587,14,593,4,601,6,607,2,647,10,653,2,677,6,727,6,733,4,751,6,941,6,
P000653 ,257,6,263,6,271,2,331,6,353,4,367,2,373,6,383,4,433,6,443,8,503,4,541,2,557,4,563,2,571,4,587,14,593,4,601,6,607,2,647,10,653,2,677,6,727,6,733,4,751,6,941,6,
P000654 ,6,263,6,271,2,331,6,353,4,367,2,373,6,383,4,433,6,443,8,503,4,541,2,557,4,563,2,571,4,587,14,593,4,601,6,607,2,647,10,653,2,677,6,727,6,733,4,751,6,941,6,
P000655 ,263,6,271,2,331,6,353,4,367,2,373,6,383,4,433,6,443,8,503,4,541,2,557,4,563,2,571,4,587,14,593,4,601,6,607,2,647,10,653,2,677,6,727,6,733,4,751,6,941,6,
P000656 ,2,1,4,3,2,9,5,2,25,7,4,49,11,2,121,13,4,169,17,2,289,19,4,361,23,6,529,29,2,841,31,6,961,37,4,1369,41,2,1681,43,4,1849,47,6,2209,53,6,2809,59,2,3481,61,6,3721,67,4,4489,71,2,5041,73,6,5329,79,4,6241,83,6,6889,89,8,7921,97,4,9409,101,2,10201,103,4,10609,107,2,11449,109,4,11881,113,14,12769,
P000657 ,1,4,3,2,9,5,2,25,7,4,49,11,2,121,13,4,169,17,2,289,19,4,361,23,6,529,29,2,841,31,6,961,37,4,1369,41,2,1681,43,4,1849,47,6,2209,53,6,2809,59,2,3481,61,6,3721,67,4,4489,71,2,5041,73,6,5329,79,4,6241,83,6,6889,89,8,7921,97,4,9409,101,2,10201,103,4,10609,
P000658 ,4,3,2,9,5,2,25,7,4,49,11,2,121,13,4,169,17,2,289,19,4,361,23,6,529,29,2,841,31,6,961,37,4,1369,41,2,1681,43,4,1849,47,6,2209,53,6,2809,59,2,3481,61,6,3721,67,4,4489,71,2,5041,73,6,5329,79,4,6241,83,6,6889,89,8,7921,97,4,9409,101,2,10201,103,4,10609,107,
P000659 ,3,2,9,5,2,25,7,4,49,11,2,121,13,4,169,17,2,289,19,4,361,23,6,529,29,2,841,31,6,961,37,4,1369,41,2,1681,43,4,1849,47,6,2209,53,6,2809,59,2,3481,61,6,3721,67,4,4489,71,2,5041,73,6,5329,79,4,6241,83,6,6889,89,8,7921,97,4,9409,101,2,10201,103,4,10609,107,2,
P000660 ,2,9,5,2,25,7,4,49,11,2,121,13,4,169,17,2,289,19,4,361,23,6,529,29,2,841,31,6,961,37,4,1369,41,2,1681,43,4,1849,47,6,2209,53,6,2809,59,2,3481,61,6,3721,67,4,4489,71,2,5041,73,6,5329,79,4,6241,83,6,6889,89,8,7921,97,4,9409,101,2,10201,103,4,10609,107,2,11449,
P000661 ,9,5,2,25,7,4,49,11,2,121,13,4,169,17,2,289,19,4,361,23,6,529,29,2,841,31,6,961,37,4,1369,41,2,1681,43,4,1849,47,6,2209,53,6,2809,59,2,3481,61,6,3721,67,4,4489,71,2,5041,73,6,5329,79,4,6241,83,6,6889,89,8,7921,97,4,9409,101,2,10201,103,4,10609,107,2,11449,109,
P000662 ,5,2,25,7,4,49,11,2,121,13,4,169,17,2,289,19,4,361,23,6,529,29,2,841,31,6,961,37,4,1369,41,2,1681,43,4,1849,47,6,2209,53,6,2809,59,2,3481,61,6,3721,67,4,4489,71,2,5041,73,6,5329,79,4,6241,83,6,6889,89,8,7921,97,4,9409,101,2,10201,103,4,10609,107,2,11449,109,4,
P000663 ,2,25,7,4,49,11,2,121,13,4,169,17,2,289,19,4,361,23,6,529,29,2,841,31,6,961,37,4,1369,41,2,1681,43,4,1849,47,6,2209,53,6,2809,59,2,3481,61,6,3721,67,4,4489,71,2,5041,73,6,5329,79,4,6241,83,6,6889,89,8,7921,97,4,9409,101,2,10201,103,4,10609,107,2,11449,109,4,11881,
P000664 ,25,7,4,49,11,2,121,13,4,169,17,2,289,19,4,361,23,6,529,29,2,841,31,6,961,37,4,1369,41,2,1681,43,4,1849,47,6,2209,53,6,2809,59,2,3481,61,6,3721,67,4,4489,71,2,5041,73,6,5329,79,4,6241,83,6,6889,89,8,7921,97,4,9409,101,2,10201,103,4,10609,107,2,11449,109,4,11881,113,
P000665 ,7,4,49,11,2,121,13,4,169,17,2,289,19,4,361,23,6,529,29,2,841,31,6,961,37,4,1369,41,2,1681,43,4,1849,47,6,2209,53,6,2809,59,2,3481,61,6,3721,67,4,4489,71,2,5041,73,6,5329,79,4,6241,83,6,6889,89,8,7921,97,4,9409,101,2,10201,103,4,10609,107,2,11449,109,4,11881,113,14,
P000666 ,4,49,11,2,121,13,4,169,17,2,289,19,4,361,23,6,529,29,2,841,31,6,961,37,4,1369,41,2,1681,43,4,1849,47,6,2209,53,6,2809,59,2,3481,61,6,3721,67,4,4489,71,2,5041,73,6,5329,79,4,6241,83,6,6889,89,8,7921,97,4,9409,101,2,10201,103,4,10609,107,2,11449,109,4,11881,113,14,12769,
P000667 ,49,11,2,121,13,4,169,17,2,289,19,4,361,23,6,529,29,2,841,31,6,961,37,4,1369,41,2,1681,43,4,1849,47,6,2209,53,6,2809,59,2,3481,61,6,3721,67,4,4489,71,2,5041,73,6,5329,79,4,6241,83,6,6889,89,8,7921,97,4,9409,101,2,10201,103,4,10609,107,2,11449,109,4,11881,113,14,12769,
P000668 ,11,2,121,13,4,169,17,2,289,19,4,361,23,6,529,29,2,841,31,6,961,37,4,1369,41,2,1681,43,4,1849,47,6,2209,53,6,2809,59,2,3481,61,6,3721,67,4,4489,71,2,5041,73,6,5329,79,4,6241,83,6,6889,89,8,7921,97,4,9409,101,2,10201,103,4,10609,107,2,11449,109,4,11881,113,14,12769,
P000669 ,2,121,13,4,169,17,2,289,19,4,361,23,6,529,29,2,841,31,6,961,37,4,1369,41,2,1681,43,4,1849,47,6,2209,53,6,2809,59,2,3481,61,6,3721,67,4,4489,71,2,5041,73,6,5329,79,4,6241,83,6,6889,89,8,7921,97,4,9409,101,2,10201,103,4,10609,107,2,11449,109,4,11881,113,14,12769,
P000670 ,121,13,4,169,17,2,289,19,4,361,23,6,529,29,2,841,31,6,961,37,4,1369,41,2,1681,43,4,1849,47,6,2209,53,6,2809,59,2,3481,61,6,3721,67,4,4489,71,2,5041,73,6,5329,79,4,6241,83,6,6889,89,8,7921,97,4,9409,101,2,10201,103,4,10609,107,2,11449,109,4,11881,113,14,12769,
P000671 ,13,4,169,17,2,289,19,4,361,23,6,529,29,2,841,31,6,961,37,4,1369,41,2,1681,43,4,1849,47,6,2209,53,6,2809,59,2,3481,61,6,3721,67,4,4489,71,2,5041,73,6,5329,79,4,6241,83,6,6889,89,8,7921,97,4,9409,101,2,10201,103,4,10609,107,2,11449,109,4,11881,113,14,12769,
P000672 ,4,169,17,2,289,19,4,361,23,6,529,29,2,841,31,6,961,37,4,1369,41,2,1681,43,4,1849,47,6,2209,53,6,2809,59,2,3481,61,6,3721,67,4,4489,71,2,5041,73,6,5329,79,4,6241,83,6,6889,89,8,7921,97,4,9409,101,2,10201,103,4,10609,107,2,11449,109,4,11881,113,14,12769,
P000673 ,169,17,2,289,19,4,361,23,6,529,29,2,841,31,6,961,37,4,1369,41,2,1681,43,4,1849,47,6,2209,53,6,2809,59,2,3481,61,6,3721,67,4,4489,71,2,5041,73,6,5329,79,4,6241,83,6,6889,89,8,7921,97,4,9409,101,2,10201,103,4,10609,107,2,11449,109,4,11881,113,14,12769,
P000674 ,17,2,289,19,4,361,23,6,529,29,2,841,31,6,961,37,4,1369,41,2,1681,43,4,1849,47,6,2209,53,6,2809,59,2,3481,61,6,3721,67,4,4489,71,2,5041,73,6,5329,79,4,6241,83,6,6889,89,8,7921,97,4,9409,101,2,10201,103,4,10609,107,2,11449,109,4,11881,113,14,12769,
P000675 ,2,289,19,4,361,23,6,529,29,2,841,31,6,961,37,4,1369,41,2,1681,43,4,1849,47,6,2209,53,6,2809,59,2,3481,61,6,3721,67,4,4489,71,2,5041,73,6,5329,79,4,6241,83,6,6889,89,8,7921,97,4,9409,101,2,10201,103,4,10609,107,2,11449,109,4,11881,113,14,12769,
P000676 ,289,19,4,361,23,6,529,29,2,841,31,6,961,37,4,1369,41,2,1681,43,4,1849,47,6,2209,53,6,2809,59,2,3481,61,6,3721,67,4,4489,71,2,5041,73,6,5329,79,4,6241,83,6,6889,89,8,7921,97,4,9409,101,2,10201,103,4,10609,107,2,11449,109,4,11881,113,14,12769,
P000677 ,19,4,361,23,6,529,29,2,841,31,6,961,37,4,1369,41,2,1681,43,4,1849,47,6,2209,53,6,2809,59,2,3481,61,6,3721,67,4,4489,71,2,5041,73,6,5329,79,4,6241,83,6,6889,89,8,7921,97,4,9409,101,2,10201,103,4,10609,107,2,11449,109,4,11881,113,14,12769,
P000678 ,4,361,23,6,529,29,2,841,31,6,961,37,4,1369,41,2,1681,43,4,1849,47,6,2209,53,6,2809,59,2,3481,61,6,3721,67,4,4489,71,2,5041,73,6,5329,79,4,6241,83,6,6889,89,8,7921,97,4,9409,101,2,10201,103,4,10609,107,2,11449,109,4,11881,113,14,12769,
P000679 ,361,23,6,529,29,2,841,31,6,961,37,4,1369,41,2,1681,43,4,1849,47,6,2209,53,6,2809,59,2,3481,61,6,3721,67,4,4489,71,2,5041,73,6,5329,79,4,6241,83,6,6889,89,8,7921,97,4,9409,101,2,10201,103,4,10609,107,2,11449,109,4,11881,113,14,12769,
P000680 ,23,6,529,29,2,841,31,6,961,37,4,1369,41,2,1681,43,4,1849,47,6,2209,53,6,2809,59,2,3481,61,6,3721,67,4,4489,71,2,5041,73,6,5329,79,4,6241,83,6,6889,89,8,7921,97,4,9409,101,2,10201,103,4,10609,107,2,11449,109,4,11881,113,14,12769,
P000681 ,6,529,29,2,841,31,6,961,37,4,1369,41,2,1681,43,4,1849,47,6,2209,53,6,2809,59,2,3481,61,6,3721,67,4,4489,71,2,5041,73,6,5329,79,4,6241,83,6,6889,89,8,7921,97,4,9409,101,2,10201,103,4,10609,107,2,11449,109,4,11881,113,14,12769,
P000682 ,529,29,2,841,31,6,961,37,4,1369,41,2,1681,43,4,1849,47,6,2209,53,6,2809,59,2,3481,61,6,3721,67,4,4489,71,2,5041,73,6,5329,79,4,6241,83,6,6889,89,8,7921,97,4,9409,101,2,10201,103,4,10609,107,2,11449,109,4,11881,113,14,12769,
P000683 ,29,2,841,31,6,961,37,4,1369,41,2,1681,43,4,1849,47,6,2209,53,6,2809,59,2,3481,61,6,3721,67,4,4489,71,2,5041,73,6,5329,79,4,6241,83,6,6889,89,8,7921,97,4,9409,101,2,10201,103,4,10609,107,2,11449,109,4,11881,113,14,12769,
P000684 ,2,841,31,6,961,37,4,1369,41,2,1681,43,4,1849,47,6,2209,53,6,2809,59,2,3481,61,6,3721,67,4,4489,71,2,5041,73,6,5329,79,4,6241,83,6,6889,89,8,7921,97,4,9409,101,2,10201,103,4,10609,107,2,11449,109,4,11881,113,14,12769,
P000685 ,841,31,6,961,37,4,1369,41,2,1681,43,4,1849,47,6,2209,53,6,2809,59,2,3481,61,6,3721,67,4,4489,71,2,5041,73,6,5329,79,4,6241,83,6,6889,89,8,7921,97,4,9409,101,2,10201,103,4,10609,107,2,11449,109,4,11881,113,14,12769,
P000686 ,31,6,961,37,4,1369,41,2,1681,43,4,1849,47,6,2209,53,6,2809,59,2,3481,61,6,3721,67,4,4489,71,2,5041,73,6,5329,79,4,6241,83,6,6889,89,8,7921,97,4,9409,101,2,10201,103,4,10609,107,2,11449,109,4,11881,113,14,12769,
P000687 ,6,961,37,4,1369,41,2,1681,43,4,1849,47,6,2209,53,6,2809,59,2,3481,61,6,3721,67,4,4489,71,2,5041,73,6,5329,79,4,6241,83,6,6889,89,8,7921,97,4,9409,101,2,10201,103,4,10609,107,2,11449,109,4,11881,113,14,12769,
P000688 ,961,37,4,1369,41,2,1681,43,4,1849,47,6,2209,53,6,2809,59,2,3481,61,6,3721,67,4,4489,71,2,5041,73,6,5329,79,4,6241,83,6,6889,89,8,7921,97,4,9409,101,2,10201,103,4,10609,107,2,11449,109,4,11881,113,14,12769,
P000689 ,37,4,1369,41,2,1681,43,4,1849,47,6,2209,53,6,2809,59,2,3481,61,6,3721,67,4,4489,71,2,5041,73,6,5329,79,4,6241,83,6,6889,89,8,7921,97,4,9409,101,2,10201,103,4,10609,107,2,11449,109,4,11881,113,14,12769,
P000690 ,4,1369,41,2,1681,43,4,1849,47,6,2209,53,6,2809,59,2,3481,61,6,3721,67,4,4489,71,2,5041,73,6,5329,79,4,6241,83,6,6889,89,8,7921,97,4,9409,101,2,10201,103,4,10609,107,2,11449,109,4,11881,113,14,12769,
P000691 ,2,3,1,3,4,2,5,6,4,7,8,6,11,12,10,13,14,12,17,18,16,19,20,18,23,24,22,29,30,28,31,32,30,37,38,36,41,42,40,43,44,42,47,48,46,53,54,52,59,60,58,61,62,60,67,68,66,71,72,70,73,74,72,79,80,78,83,84,82,89,90,88,97,98,96,101,102,100,103,104,102,107,108,106,109,110,108,113,114,112,
P000692 ,3,1,3,4,2,5,6,4,7,8,6,11,12,10,13,14,12,17,18,16,19,20,18,23,24,22,29,30,28,31,32,30,37,38,36,41,42,40,43,44,42,47,48,46,53,54,52,59,60,58,61,62,60,67,68,66,71,72,70,73,74,72,79,80,78,83,84,82,89,90,88,97,98,96,101,102,100,103,104,102,
P000693 ,1,3,4,2,5,6,4,7,8,6,11,12,10,13,14,12,17,18,16,19,20,18,23,24,22,29,30,28,31,32,30,37,38,36,41,42,40,43,44,42,47,48,46,53,54,52,59,60,58,61,62,60,67,68,66,71,72,70,73,74,72,79,80,78,83,84,82,89,90,88,97,98,96,101,102,100,103,104,102,107,
P000694 ,3,4,2,5,6,4,7,8,6,11,12,10,13,14,12,17,18,16,19,20,18,23,24,22,29,30,28,31,32,30,37,38,36,41,42,40,43,44,42,47,48,46,53,54,52,59,60,58,61,62,60,67,68,66,71,72,70,73,74,72,79,80,78,83,84,82,89,90,88,97,98,96,101,102,100,103,104,102,107,108,
P000695 ,4,2,5,6,4,7,8,6,11,12,10,13,14,12,17,18,16,19,20,18,23,24,22,29,30,28,31,32,30,37,38,36,41,42,40,43,44,42,47,48,46,53,54,52,59,60,58,61,62,60,67,68,66,71,72,70,73,74,72,79,80,78,83,84,82,89,90,88,97,98,96,101,102,100,103,104,102,107,108,106,
P000696 ,2,5,6,4,7,8,6,11,12,10,13,14,12,17,18,16,19,20,18,23,24,22,29,30,28,31,32,30,37,38,36,41,42,40,43,44,42,47,48,46,53,54,52,59,60,58,61,62,60,67,68,66,71,72,70,73,74,72,79,80,78,83,84,82,89,90,88,97,98,96,101,102,100,103,104,102,107,108,106,109,
P000697 ,5,6,4,7,8,6,11,12,10,13,14,12,17,18,16,19,20,18,23,24,22,29,30,28,31,32,30,37,38,36,41,42,40,43,44,42,47,48,46,53,54,52,59,60,58,61,62,60,67,68,66,71,72,70,73,74,72,79,80,78,83,84,82,89,90,88,97,98,96,101,102,100,103,104,102,107,108,106,109,110,
P000698 ,6,4,7,8,6,11,12,10,13,14,12,17,18,16,19,20,18,23,24,22,29,30,28,31,32,30,37,38,36,41,42,40,43,44,42,47,48,46,53,54,52,59,60,58,61,62,60,67,68,66,71,72,70,73,74,72,79,80,78,83,84,82,89,90,88,97,98,96,101,102,100,103,104,102,107,108,106,109,110,108,
P000699 ,4,7,8,6,11,12,10,13,14,12,17,18,16,19,20,18,23,24,22,29,30,28,31,32,30,37,38,36,41,42,40,43,44,42,47,48,46,53,54,52,59,60,58,61,62,60,67,68,66,71,72,70,73,74,72,79,80,78,83,84,82,89,90,88,97,98,96,101,102,100,103,104,102,107,108,106,109,110,108,113,
P000700 ,7,8,6,11,12,10,13,14,12,17,18,16,19,20,18,23,24,22,29,30,28,31,32,30,37,38,36,41,42,40,43,44,42,47,48,46,53,54,52,59,60,58,61,62,60,67,68,66,71,72,70,73,74,72,79,80,78,83,84,82,89,90,88,97,98,96,101,102,100,103,104,102,107,108,106,109,110,108,113,114,
